id,language,title,artist,genre,cluster_pca,cluster_vae
en_english_songs_639,en,Crazy What Love Can Do,David Guetta,,1,1
bn_bangla_songs_4728,bn,দূর পৃথিবী,,আধুনিক বাংলা গান,0,0
bn_bangla_songs_6454,bn,সখী    আমারি দুয়ারে কেন আসিল,,রবীন্দ্রসঙ্গীত,0,0
bn_bangla_songs_2980,bn,আর অনুনয় করিবে না কেউ কথা কহিবার তরে,,নজরুলগীতি,0,0
en_english_songs_310,en,In Your Head,Eminem,,1,1
bn_bangla_songs_3866,bn,এখানে এলে দুচোখের জল বাঁধা মানেনা আমার (অনামিকা),,আধুনিক বাংলা গান,0,0
bn_bangla_songs_2349,bn,সে যারে বোঝায় সেই বোঝে,,ফোক গান,0,0
bn_bangla_songs_498,bn,ঢেউয়ের তালে নদীর জলে ছোটেছ উজানে,,ফোক গান,0,0
bn_bangla_songs_3813,bn,কেন রে মন-মাঝি ভব-নদীতে মাছ ধরিতে আইলি,,ফোক গান,0,0
bn_bangla_songs_725,bn,পিরিতি কি সকলে জানে,,ফোক গান,0,0
en_english_songs_236,en,Queen of Kings,Alessandra,,1,1
en_english_songs_709,en,Baby Shark,Pinkfong,,1,1
bn_bangla_songs_4716,bn,তুমি দয়া কর দয়াময়,,ফোক গান,0,0
en_english_songs_266,en,My Name Is,Eminem,,1,1
bn_bangla_songs_7551,bn,"হে মোর চিত্ত, পুণ্য তীর্থে জাগো",,রবীন্দ্রসঙ্গীত,0,0
en_english_songs_501,en,Trance (with Travis Scott & Young Thug),Metro Boomin,,1,1
en_english_songs_442,en,Cupid,FIFTY FIFTY,,1,1
bn_bangla_songs_3031,bn,স্নিগ্ধ-শ্যাম-বেণি-বর্ণা এসো মালবিকা,,নজরুলগীতি,0,0
en_english_songs_797,en,Take Me To Church,Hozier,,1,1
bn_bangla_songs_2611,bn,আয় মোহাম্মদ কামলে ওয়ালা,,ফোক গান,0,0
en_english_songs_660,en,Blinding Lights,The Weeknd,,1,1
en_english_songs_568,en,Maria Maria (feat. The Product G&B),Santana,,1,1
en_english_songs_337,en,TRUSTFALL,P!nk,,1,1
bn_bangla_songs_5446,bn,তুমি    ডাক দিয়েছ কোন্‌ সকালে কেউ তা জানে না,,রবীন্দ্রসঙ্গীত,0,0
bn_bangla_songs_1444,bn,দয়াল তিননাথ আও আমার আসরে চলিয়া আও,,ফোক গান,0,0
en_english_songs_755,en,Runnin' (Lose It All),Naughty Boy,,1,1
bn_bangla_songs_3238,bn,ওই পথে চেয়ে থাকি,,নজরুলগীতি,0,0
en_english_songs_492,en,ICU,Coco Jones,,1,1
bn_bangla_songs_3554,bn,মা গো তোরই পায়ের নূপুর বাজে,,নজরুলগীতি,0,0
bn_bangla_songs_2962,bn,আমি আছি বলে দুখ পাও তুমি,,নজরুলগীতি,0,0
bn_bangla_songs_6814,bn,বিস্তীর্ণ দুপারের অসংখ্য মানুষের হাহাকার শুনেও,,আধুনিক বাংলা গান,0,0
bn_bangla_songs_3822,bn,কুলের বউ হয়ে মনা আর কতদিন,,ফোক গান,0,0
bn_bangla_songs_3277,bn,নিশুতি রাতের শশী গো,,নজরুলগীতি,0,0
en_english_songs_52,en,The Weight - Remastered,The Band,,1,1
bn_bangla_songs_6593,bn,বাঁশি আমি বাজাই নি কি পথের ধারে ধারে,,রবীন্দ্রসঙ্গীত,0,0
en_english_songs_377,en,I'll Be Lovin' You,Miranda Lambert,,1,1
en_english_songs_154,en,Hit Me Off,New Edition,,1,1
bn_bangla_songs_1210,bn,নিশির স্বপনে শ্যামের রূপ লাগিয়াছে নয়নে,,ফোক গান,0,0
bn_bangla_songs_6919,bn,মীরাবাঈ,,আধুনিক বাংলা গান,0,0
bn_bangla_songs_4608,bn,সেইতো আবার কাছে এলে,,আধুনিক বাংলা গান,0,0
en_english_songs_790,en,Are You With Me - Radio Edit,Lost Frequencies,,1,1
en_english_songs_270,en,Not Afraid,Eminem,,1,1
en_english_songs_571,en,Forget Me,Lewis Capaldi,,1,1
bn_bangla_songs_7124,bn,নুপূর (একপায়ে নুপূর তোমার অন্য পা খালি),,আধুনিক বাংলা গান,0,0
bn_bangla_songs_7449,bn,সবকটা জানালা খুলে দাওনা,,দেশাত্মবোধক গান,0,0
bn_bangla_songs_7448,bn,আমি বাংলায় গান গাই,,দেশাত্মবোধক গান,0,0
en_english_songs_677,en,Ghost,Justin Bieber,,1,1
en_english_songs_770,en,Chandelier,Sia,,1,1
en_english_songs_651,en,Overseas,D-Block Europe,,1,1
en_english_songs_356,en,El Merengue,Marshmello,,1,1
en_english_songs_94,en,All Eyez On Me (ft. Big Syke),2Pac,,1,1
bn_bangla_songs_2037,bn,বুঝি কোন কর্মফলে এলে রে মন ভূমণ্ডলে,,ফোক গান,0,0
bn_bangla_songs_5108,bn,ওই      আসনতলের মাটির ‘পরে লুটিয়ে রব,,রবীন্দ্রসঙ্গীত,0,0
bn_bangla_songs_2901,bn,ও কূল-ভাঙা নদী রে,,নজরুলগীতি,0,0
bn_bangla_songs_6605,bn,আমার শেষ রাগিণীর প্রথম ধুয়ো ধরলি রে কে তুই,,রবীন্দ্রসঙ্গীত,0,0
bn_bangla_songs_4784,bn,বাহির হলেম আমি আপন ভিতর হতে,,রবীন্দ্রসঙ্গীত,0,0
bn_bangla_songs_1283,bn,যাও গো দূতী পুষ্পবনে পুষ্প তুলো গিয়া,,ফোক গান,0,0
en_english_songs_120,en,Lady,D'Angelo,,1,1
en_english_songs_706,en,Clash (feat. Stormzy),Dave,,1,1
bn_bangla_songs_157,bn,মানব তরী লইয়া রে কে যাবি আয় মুর্শিদ প্রেম বাজারে,,ফোক গান,0,0
en_english_songs_247,en,Samo mi se spava,Luke Black,,1,1
bn_bangla_songs_5102,bn,তোমার কথা হেথা কেহ তো বলে না,,রবীন্দ্রসঙ্গীত,0,0
en_english_songs_40,en,For What It's Worth,Buffalo Springfield,,1,1
en_english_songs_485,en,Nonsense,Sabrina Carpenter,,1,1
bn_bangla_songs_7098,bn,বৃষ্টি নেমেছে রিমঝিমরিম সুরের লহরী,,আধুনিক বাংলা গান,0,0
bn_bangla_songs_7220,bn,বজ্র কঠিন শপথ আবার লহ সবাই,,দেশাত্মবোধক গান,0,0
bn_bangla_songs_2296,bn,জীব ম’লে জীব যায় কোন সংসারে,,ফোক গান,0,0
en_english_songs_484,en,Go Hard,Lil Baby,,1,1
bn_bangla_songs_5062,bn,কিছুটা জেনে কিছুটা না জেনে (ট্রেন),,আধুনিক বাংলা গান,0,0
bn_bangla_songs_1307,bn,প্ৰেম জ্বালা সহে না পরানে গো সখী,,ফোক গান,0,0
en_english_songs_1,en,A Whiter Shade Of Pale,Procol Harum,,1,1
bn_bangla_songs_6498,bn,মুখপানে চেয়ে দেখি ভয় হয় মনে,,রবীন্দ্রসঙ্গীত,0,0
bn_bangla_songs_1121,bn,আমায় পাগল করল শ্যাম কালিয়া রুপে আমায়,,ফোক গান,0,0
bn_bangla_songs_3738,bn,যাসনে মা ফিরে যাসনে জননী,,নজরুলগীতি,0,0
bn_bangla_songs_2469,bn,গানে তোমায় আজ ভোলাবো,,আধুনিক বাংলা গান,0,0
bn_bangla_songs_6150,bn,চাহিয়া দেখো রসের স্রোতে রঙের খেলাখানি,,রবীন্দ্রসঙ্গীত,0,0
en_english_songs_99,en,You Oughta Know - 2015 Remaster,Alanis Morissette,,1,1
bn_bangla_songs_6928,bn,অবাক হৃদয় নিয়ে থমকে আছি আমি,,আধুনিক বাংলা গান,0,0
en_english_songs_670,en,21 Reasons (feat. Ella Henderson),Nathan Dawe,,1,1
en_english_songs_440,en,Search & Rescue,Drake,,1,1
bn_bangla_songs_1565,bn,যমুনার জলে সখী গো তারা নে আমারে,,ফোক গান,0,0
bn_bangla_songs_3222,bn,ফুলে ফুলে      বন ফুলেলা,,নজরুলগীতি,0,0
bn_bangla_songs_2625,bn,মোর না মিটিতে আশা ভাঙিল খেলা,,নজরুলগীতি,0,0
bn_bangla_songs_7190,bn,প্রথম প্রেমের মত,,আধুনিক বাংলা গান,0,0
bn_bangla_songs_1432,bn,প্ৰভু তোমায় ডাকি আমি হরিবল বলে,,ফোক গান,0,0
en_english_songs_151,en,Good Enough,Dodgy,,1,1
en_english_songs_455,en,One Thing At A Time,Morgan Wallen,,1,1
bn_bangla_songs_4164,bn,জাতি জীবন ধন কালা তোমরা আমারে যে বল সে বল কালিয়া গলার মালা,,ফোক গান,0,0
en_english_songs_130,en,Til I Hear It From You,Gin Blossoms,,1,1
en_english_songs_491,en,Religiously,Bailey Zimmerman,,1,1
bn_bangla_songs_7416,bn,নাই টেলিফোন নাইরে পিয়ন নাইরে টেলিগ্রাম,,আধুনিক বাংলা গান,0,0
en_english_songs_514,en,Never Felt So Alone,Labrinth,,1,1
bn_bangla_songs_6704,bn,ওগো আর তো কিছু নয়,,আধুনিক বাংলা গান,0,0
bn_bangla_songs_2273,bn,কি শোভা করছে সাঁই রঙ-মহলে,,ফোক গান,0,0
en_english_songs_731,en,Outside (feat. Ellie Goulding),Calvin Harris,,1,1
bn_bangla_songs_5504,bn,চরণ ধরিতে দিয়ো গো আমারে,,রবীন্দ্রসঙ্গীত,0,0
bn_bangla_songs_2232,bn,রং মহলে সিঁদ কাটে সদায়,,ফোক গান,0,0
en_english_songs_248,en,My Sister's Crown,Vesna,,1,1
bn_bangla_songs_2055,bn,ভবের খেলায় হেলায় দিন যায়,,ফোক গান,0,0
en_english_songs_774,en,Up (feat. Demi Lovato) - Wideboys Radio Mix,Olly Murs,,1,1
bn_bangla_songs_1760,bn,প্ৰেম সিন্ধু উথলিল অদ্বৈত হুঙ্কারে,,ফোক গান,0,0
bn_bangla_songs_3045,bn,কাহার তরে হায় নিশিদিন কাঁদে মন প্রাণ,,নজরুলগীতি,0,0
en_english_songs_348,en,Eyes Wide Shut,ILLENIUM,,1,1
en_english_songs_694,en,Wonderwall,Oasis,,1,1
bn_bangla_songs_4651,bn,শুধু কি আমার ভুল,,আধুনিক বাংলা গান,0,0
bn_bangla_songs_6370,bn,ওরে    চিত্ররেখাডোরে বাঁধিল কে,,রবীন্দ্রসঙ্গীত,0,0
en_english_songs_456,en,Thank God,Kane Brown,,1,1
bn_bangla_songs_1875,bn,হরে কৃষ্ণ রাম বলরে মন,,ফোক গান,0,0
en_english_songs_201,en,Unholy (feat. Kim Petras),Sam Smith,,1,1
en_english_songs_743,en,When the Beat Drops Out,Marlon Roudette,,1,1
bn_bangla_songs_5290,bn,আমি যখন তাঁর দুয়ারে ভিক্ষা নিতে যাই,,রবীন্দ্রসঙ্গীত,0,0
bn_bangla_songs_7059,bn,আমি যাবো চলে,,আধুনিক বাংলা গান,0,0
en_english_songs_106,en,Where Do You Go,No Mercy,,1,1
bn_bangla_songs_6620,bn,আমারে করো তোমার বীণা,,রবীন্দ্রসঙ্গীত,0,0
en_english_songs_59,en,Here Comes The Sun - Remastered,The Beatles,,1,1
en_english_songs_298,en,Just Lose It,Eminem,,1,1
en_english_songs_164,en,Ella Baila Sola,Eslabon Armado,,1,1
bn_bangla_songs_1103,bn,না আসিয়া মনচোরা নিশি হইল ভোর,,ফোক গান,0,0
bn_bangla_songs_4736,bn,মুঠোফোন (করতলে চিহ্ন মেঘের স্বর),,আধুনিক বাংলা গান,0,0
bn_bangla_songs_6561,bn,আসা-যাওয়ার পথের ধারে গান গেয়ে মোর কেটেছে দিন,,রবীন্দ্রসঙ্গীত,0,0
en_english_songs_195,en,Angels Like You,Miley Cyrus,,1,1
bn_bangla_songs_5085,bn,বাহিরে বলে দূরে থাকুক,,আধুনিক বাংলা গান,0,0
bn_bangla_songs_5703,bn,আকাশতলে দলে দলে মেঘ যে ডেকে যায়,,রবীন্দ্রসঙ্গীত,0,0
en_english_songs_783,en,The Hills,The Weeknd,,1,1
en_english_songs_286,en,Without Me,Eminem,,1,1
en_english_songs_135,en,Only You (feat. The Notorious B.I.G.) - Radio Mix,112,,1,1
en_english_songs_218,en,Fictional,Khloe Rose,,1,1
bn_bangla_songs_2819,bn,ফিরে ফিরে কেন তারই স্মৃতি,,নজরুলগীতি,0,0
bn_bangla_songs_5361,bn,বজ্রে তোমার বাজে বাঁশি,,রবীন্দ্রসঙ্গীত,0,0
en_english_songs_245,en,Solo,BLANKA,,1,1
bn_bangla_songs_2228,bn,যে জন দেখেছে অটল রূপের বিহার,,ফোক গান,0,0
en_english_songs_10,en,In the Ghetto,Elvis Presley,,1,1
bn_bangla_songs_4454,bn,ও কুহু কুহু কুহু ডাকে কোয়েলিয়া,,আধুনিক বাংলা গান,0,0
bn_bangla_songs_6183,bn,ওরে    প্রজাপতি মায়া দিয়ে   কে,,রবীন্দ্রসঙ্গীত,0,0
en_english_songs_478,en,Love You Anyway,Luke Combs,,1,1
bn_bangla_songs_5333,bn,তোমার পতাকা যারে দাও তারে বহিবারে দাও শকতি,,রবীন্দ্রসঙ্গীত,0,0
en_english_songs_719,en,Worth It (feat. Kid Ink),Fifth Harmony,,1,1
en_english_songs_581,en,Energy,Digga D,,1,1
en_english_songs_409,en,LosT,Bring Me The Horizon,,1,1
en_english_songs_206,en,Hey Mor,Ozuna,,1,1
en_english_songs_718,en,Someone New,Hozier,,1,1
bn_bangla_songs_5460,bn,নন্দক নন্দন কদম্বেরি তরুতলে,,ফোক গান,0,0
bn_bangla_songs_1754,bn,"যারে দেখলে জুড়ায় দুই আংখি, তাপিত অঙ্গ প্ৰাণপাখী",,ফোক গান,0,0
en_english_songs_86,en,Return of the Mack,Mark Morrison,,1,1
en_english_songs_144,en,Words,Boyzone,,1,1
en_english_songs_771,en,Don't Be so Hard on Yourself,Jess Glynne,,1,1
en_english_songs_265,en,The Real Slim Shady,Eminem,,1,1
en_english_songs_577,en,Maria Maria,TECH IT DEEP,,1,1
en_english_songs_274,en,Guns Blazing (feat. Dr. Dre & Sly Pyper),Eminem,,1,1
bn_bangla_songs_4785,bn,"সখা, সাধিতে সাধাতে কত সুখ",,রবীন্দ্রসঙ্গীত,0,0
bn_bangla_songs_4254,bn,না ভাঙ্গিল মান দেখি চতুর নাগর,,ফোক গান,0,0
en_english_songs_553,en,Boy's a Liar,PinkPantheress,,1,1
en_english_songs_212,en,Mockingbird,Eminem,,1,1
en_english_songs_786,en,Can't Feel My Face,The Weeknd,,1,1
bn_bangla_songs_6870,bn,কতটা পথ পেরোলে তবে পথিক বলা যায়,,আধুনিক বাংলা গান,0,0
bn_bangla_songs_2395,bn,ফেরেব ছেড়ে কর ফকিরি,,ফোক গান,0,0
bn_bangla_songs_1577,bn,শুন গো সই ঐ বাজে গো বাঁশি,,ফোক গান,0,0
bn_bangla_songs_6813,bn,মোর গায়ের সীমানার (প্রতিধ্বনি শুনি),,আধুনিক বাংলা গান,0,0
en_english_songs_50,en,All You Need Is Love - Remastered,The Beatles,,1,1
bn_bangla_songs_6272,bn,তারে    কেমনে ধরিবে সখী যদি ধরা দিলে,,রবীন্দ্রসঙ্গীত,0,0
bn_bangla_songs_4414,bn,ভাল করে তুমি চেয়ে দ্যাখো,,আধুনিক বাংলা গান,0,0
bn_bangla_songs_2001,bn,জুড়াতে প্ৰাণের জ্বালা ডাকি তোমায় মহাপ্ৰাণে,,ফোক গান,0,0
en_english_songs_439,en,Sure Thing,Miguel,,1,1
en_english_songs_8,en,Hotel California - 2013 Remaster,Eagles,,1,1
en_english_songs_292,en,Forgot About Dre,Dr. Dre,,1,1
bn_bangla_songs_4160,bn,পিয়ার পিরীতি লাগি যোগিনী হৈনু,,ফোক গান,0,0
bn_bangla_songs_5137,bn,সবার মাঝারে তোমারে স্বীকার করিব হে,,রবীন্দ্রসঙ্গীত,0,0
en_english_songs_269,en,Cleanin' Out My Closet,Eminem,,1,1
bn_bangla_songs_971,bn,কও রে পথিক ভাই তুমি নি দেখেছ আমার,,ফোক গান,0,0
en_english_songs_193,en,Acróstico,Shakira,,1,1
bn_bangla_songs_3987,bn,সাধন শরণ এ বড় কঠিন বড়ই বিষম দায়,,ফোক গান,0,0
bn_bangla_songs_3186,bn,মৃতের দেশে নেমে এল মাতৃনামের গঙ্গাধারা,,নজরুলগীতি,0,0
bn_bangla_songs_6201,bn,ওরে যেতে হবে আর দেরি নাই,,রবীন্দ্রসঙ্গীত,0,0
en_english_songs_624,en,Running Up That Hill (A Deal With God),Kate Bush,,1,1
bn_bangla_songs_4359,bn,"এসো হে কাঙালের বন্ধু, দেখা দেও আসিয়া",,ফোক গান,0,0
en_english_songs_486,en,Cowgirls (feat. ERNEST),Morgan Wallen,,1,1
bn_bangla_songs_2405,bn,"না পড়িলে দায়েমী নামাজ, সে কি রাজী হয়",,ফোক গান,0,0
bn_bangla_songs_3891,bn,ঠিক দুবছর আগে (হয়তো কোথাও),,আধুনিক বাংলা গান,0,0
bn_bangla_songs_4864,bn,"মলে গুরু প্রাপ্ত হবে, সে তো কথার কথা",,ফোক গান,0,0
en_english_songs_467,en,Just Wanna Rock,Lil Uzi Vert,,1,1
bn_bangla_songs_4249,bn,আপন বসন ঘুচায়ে তখন লেপয়ে কেশেতে মাটী,,ফোক গান,0,0
en_english_songs_237,en,Promise,Voyager,,1,1
bn_bangla_songs_4198,bn,কহে সুবদনী শুন গো সজনি দুঃখ কি বলিব আর,,ফোক গান,0,0
bn_bangla_songs_2074,bn,আমার জনম গেলো ভুলে ভুলে কইরা পিরিতি,,ফোক গান,0,0
bn_bangla_songs_2550,bn,সত্যম শিবম সুন্দরম হে তুমি,,আধুনিক বাংলা গান,0,0
bn_bangla_songs_7509,bn,তোমার সুরের ধারা ঝরে যেথায় তারি পারে,,রবীন্দ্রসঙ্গীত,0,0
bn_bangla_songs_182,bn,তুমি কই রইলে গো ওহে প্রাণ নীলা,,ফোক গান,0,0
en_english_songs_343,en,Sad in the Summer (feat. Lily Rose),Diplo,,1,1
bn_bangla_songs_7202,bn,শোনো ও বকুল,,আধুনিক বাংলা গান,0,0
en_english_songs_591,en,Real Back In Style,Potter Payper,,1,1
bn_bangla_songs_2340,bn,আদমে আহমদ এসে নবী নাম সে জানালে,,ফোক গান,0,0
en_english_songs_16,en,Smells Like Teen Spirit,Nirvana,,1,1
en_english_songs_176,en,BESO,ROSALÍA,,1,1
bn_bangla_songs_3881,bn,সারা জীবন তোমায় খুঁজে,,আধুনিক বাংলা গান,0,0
en_english_songs_110,en,How Bizarre,OMC,,1,1
bn_bangla_songs_334,bn,পুতুল খেলা কেউ দেখছনি খেলে পুতুল এক মহাজন,,ফোক গান,0,0
en_english_songs_373,en,Man Made A Bar (feat. Eric Church),Morgan Wallen,,1,1
bn_bangla_songs_3384,bn,দারুণ পিপাসায় মায়া-মরীচিকায়,,নজরুলগীতি,0,0
bn_bangla_songs_96,bn,আসিলাম ভবেতে বাধিলাম মায়াতে,,ফোক গান,0,0
en_english_songs_672,en,The Motto,Tiësto,,1,1
bn_bangla_songs_3754,bn,বুলবুলি নীরব নার্গিস বনে,,নজরুলগীতি,0,0
bn_bangla_songs_419,bn,তিন বেড়ের বাগানেতে ভ্রমর এসেছে,,ফোক গান,0,0
en_english_songs_656,en,Surface Pressure,Jessica Darrow,,1,1
bn_bangla_songs_2992,bn,কার	মঞ্জীর রিনিঝিনি বাজে,,নজরুলগীতি,0,0
bn_bangla_songs_6247,bn,তুমি   কোন্‌ কাননের ফুল,,রবীন্দ্রসঙ্গীত,0,0
bn_bangla_songs_1442,bn,কৃষ্ণ প্ৰেম সিন্ধু মাঝে থাক মইজে,,ফোক গান,0,0
en_english_songs_457,en,Thought You Should Know,Morgan Wallen,,1,1
bn_bangla_songs_775,bn,নাও বানাইল নাও বানাইল রে,,ফোক গান,0,0
bn_bangla_songs_7213,bn,আমার মা গো তোর চোখে কেন জলের ধারা,,দেশাত্মবোধক গান,0,0
en_english_songs_749,en,What I Did for Love (feat. Emeli Sandé),David Guetta,,1,1
en_english_songs_405,en,We Ride,Bryan Martin,,1,1
bn_bangla_songs_7701,bn,যদি গৌর চাঁদকে পাই,,ফোক গান,0,0
en_english_songs_383,en,Middle Ground,Maroon 5,,1,1
en_english_songs_628,en,Seventeen Going Under,Sam Fender,,1,1
en_english_songs_798,en,King,Years & Years,,1,1
en_english_songs_267,en,Is This Love ('09) (feat. 50 Cent),Eminem,,1,1
bn_bangla_songs_6809,bn,বাঁশী তুই বাজিস নারে,,ফোক গান,0,0
bn_bangla_songs_3504,bn,একে একে সব মেরেছিস জাতটা শুধু ছিল বাকি,,নজরুলগীতি,0,0
bn_bangla_songs_3527,bn,জান গা মানুষের করণ কিসে হয়,,ফোক গান,0,0
bn_bangla_songs_1258,bn,সজনি সই বল গো তোরা কই গেলে কোথায় পাই,,ফোক গান,0,0
en_english_songs_682,en,Shape of You,Ed Sheeran,,1,1
bn_bangla_songs_1236,bn,যে সুখে রাখিয়াছ প্ৰাণনাথে গো,,ফোক গান,0,0
bn_bangla_songs_5498,bn,যদি এ আমার হৃদয়দুয়ার,,রবীন্দ্রসঙ্গীত,0,0
en_english_songs_666,en,Overpass Graffiti,Ed Sheeran,,1,1
bn_bangla_songs_5131,bn,মোরে   বারে বারে ফিরালে,,রবীন্দ্রসঙ্গীত,0,0
en_english_songs_82,en,California Love - Original Version,2Pac,,1,1
bn_bangla_songs_2827,bn,আজি গানে গানে ঢাকব আমার             গভীর অভিমান,,নজরুলগীতি,0,0
bn_bangla_songs_3282,bn,দুপুরবেলাতে একলা পথে,,নজরুলগীতি,0,0
bn_bangla_songs_2737,bn,এলে কি স্বপন-মায়া আবার আমায় গান গাওয়াতে,,নজরুলগীতি,0,0
en_english_songs_493,en,Fight The Feeling,Rod Wave,,1,1
en_english_songs_62,en,I Can't Stop Loving You,Ray Charles Orchestra,,1,1
bn_bangla_songs_2298,bn,ডুবে দেখ প্রেম-নদীর জলে,,ফোক গান,0,0
bn_bangla_songs_689,bn,বন্ধু তুমি জীবনের জীবন,,ফোক গান,0,0
en_english_songs_113,en,You Were Meant For Me,Jewel,,1,1
en_english_songs_61,en,Bad Moon Rising,Creedence Clearwater Revival,,1,1
en_english_songs_255,en,Canın Sağ Olsun,Semicenk,,1,1
bn_bangla_songs_5465,bn,ক্ষণভরি নহি রহ গুরুজন মাঝে,,ফোক গান,0,0
bn_bangla_songs_6009,bn,প্রেম এসেছিল নিঃশব্দচরণে,,রবীন্দ্রসঙ্গীত,0,0
en_english_songs_609,en,A Year Ago,James Arthur,,1,1
en_english_songs_207,en,La Bachata,Manuel Turizo,,1,1
bn_bangla_songs_1260,bn,সুবল বলনা রে আমি কি করি এখন শ্ৰী রাধার মাধুর্যগুণে,,ফোক গান,0,0
en_english_songs_68,en,Walk on By,Dionne Warwick,,1,1
bn_bangla_songs_483,bn,ভবে মানুষ বলে কারে,,ফোক গান,0,0
en_english_songs_254,en,Future Lover,Brunette,,1,1
bn_bangla_songs_4152,bn,নিশ্বাস ছাড়িতে না দেয় ঘরের গৃহিণী,,ফোক গান,0,0
en_english_songs_336,en,How I'm Feeling Now,Lewis Capaldi,,1,1
en_english_songs_331,en,Wish You The Best,Lewis Capaldi,,1,1
en_english_songs_693,en,Music For a Sushi Restaurant,Harry Styles,,1,1
bn_bangla_songs_2947,bn,যবে ভোরের কুন্দ-কলি মেলিবে আঁখি,,নজরুলগীতি,0,0
bn_bangla_songs_5118,bn,অমন    আড়াল দিয়ে লুকিয়ে গেলে চলবে না,,রবীন্দ্রসঙ্গীত,0,0
en_english_songs_795,en,Sorry,Justin Bieber,,1,1
bn_bangla_songs_202,bn,আমি শুধু আমার সুরে তোমারি গান গাই,,ফোক গান,0,0
bn_bangla_songs_7318,bn,সজনি কে কহ আওব মধাঈ (প্রতীক্ষমাণা),,ফোক গান,0,0
en_english_songs_659,en,BMW,Bad Boy Chiller Crew,,1,1
en_english_songs_103,en,All By Myself,Céline Dion,,1,1
en_english_songs_599,en,live more & love more,Cat Burns,,1,1
bn_bangla_songs_4064,bn,ছিছি দারূণ মানের লাগিয়া বন্ধুরে হারাইয়া ছিলাম,,ফোক গান,0,0
bn_bangla_songs_2210,bn,পারে লয়ে যাও আমায় অপার হয়ে বসে আছি ও হে দয়াময়,,ফোক গান,0,0
en_english_songs_729,en,Sax,Fleur East,,1,1
en_english_songs_277,en,The Adventures of Moon Man & Slim Shady (with Eminem),Kid Cudi,,1,1
en_english_songs_204,en,Starboy,The Weeknd,,1,1
en_english_songs_543,en,CUFF IT,Beyoncé,,1,1
bn_bangla_songs_2559,bn,কেউ নয় সাহেব বিবি নয় কেউ গোলাম ভাই,,আধুনিক বাংলা গান,0,0
bn_bangla_songs_4364,bn,যব তুঁহু লায়ল নব নব নেহ (বিরহপ্রবোধ),,ফোক গান,0,0
en_english_songs_47,en,Born to Run,Bruce Springsteen,,1,1
bn_bangla_songs_1599,bn,বাজায় বাঁশি কদমতলে নিগুড়ে ঘনাইয়া,,ফোক গান,0,0
bn_bangla_songs_2757,bn,ও সুজন বন্ধুরে আমার যাবার বেলায় নয়ন জলখানি,,ফোক গান,0,0
en_english_songs_168,en,Flowers,Miley Cyrus,,1,1
bn_bangla_songs_3648,bn,"কেঁদো না কেঁদো না, মাকে কে বলেছে কালো",,নজরুলগীতি,0,0
bn_bangla_songs_2194,bn,আজ আমার অন্তরে কি হল গো সই,,ফোক গান,0,0
bn_bangla_songs_1643,bn,কেনে আইলাম জলে গো সই কেনে আইলাম জলে,,ফোক গান,0,0
en_english_songs_617,en,10:35,Tiësto,,1,1
en_english_songs_354,en,Never Look Back,Tom Gregory,,1,1
en_english_songs_140,en,In My Bed - So So Def Mix,Dru Hill,,1,1
en_english_songs_142,en,One & One (feat. Maria Nayler),Robert Miles,,1,1
bn_bangla_songs_4532,bn,শ্রাবণের মেঘগুলো জড়ো হলো আকাশে,,আধুনিক বাংলা গান,0,0
en_english_songs_640,en,Easy On Me,Adele,,1,1
bn_bangla_songs_333,bn,"আল্লাহ চাই না চাই না ধন ও সম্পদ, আল্লাহ চাই না",,ফোক গান,0,0
en_english_songs_220,en,Carpe Diem,Joker Out,,1,1
bn_bangla_songs_1540,bn,সজনী বল গো তোরা বাঁশি বাজায় কে,,ফোক গান,0,0
bn_bangla_songs_3669,bn,সুরা ফাতেহা,,নজরুলগীতি,0,0
en_english_songs_307,en,Legacy,Eminem,,1,1
bn_bangla_songs_3119,bn,কেমনে কহি প্রিয়     কী ব্যথা প্রাণে বাজে,,নজরুলগীতি,0,0
bn_bangla_songs_7568,bn,নিরাকার ভাসছে রে এক ফুল,,ফোক গান,0,0
en_english_songs_53,en,You Really Got Me - Remastered,The Kinks,,1,1
en_english_songs_301,en,Crack A Bottle,Eminem,,1,1
bn_bangla_songs_5458,bn,পীন পয়োধর দুবরি গতা,,ফোক গান,0,0
bn_bangla_songs_2258,bn,আমি সেই চরণে দাসের যোগ্য নই,,ফোক গান,0,0
en_english_songs_422,en,Never Gonna Not Dance Again,P!nk,,1,1
bn_bangla_songs_598,bn,অন্তর-মন্দির মাঝে সুন্দর এলে এ কী সাজে,,আধুনিক বাংলা গান,0,0
en_english_songs_244,en,Perfume,NCT DOJAEJUNG,,1,1
bn_bangla_songs_507,bn,আরে ও ডালের কোকিল,,ফোক গান,0,0
en_english_songs_102,en,How Do U Want It (ft. K-Ci & JoJo),2Pac,,1,1
en_english_songs_418,en,How You Samba,Kris Kross Amsterdam,,1,1
en_english_songs_685,en,Coming for You (feat. A1 x J1),SwitchOTR,,1,1
en_english_songs_316,en,Bitch Please II,Eminem,,1,1
bn_bangla_songs_5091,bn,গুরু-শিষ্য এক আত্মা যদি হওয়া যায়,,ফোক গান,0,0
en_english_songs_678,en,Ferrari,James Hype,,1,1
en_english_songs_209,en,The Planet,BTS,,1,1
en_english_songs_616,en,Rhyme Dust,MK,,1,1
en_english_songs_781,en,Wish You Were Mine - Radio Edit,Philip George,,1,1
en_english_songs_75,en,Happy Together,The Turtles,,1,1
en_english_songs_192,en,Like Crazy,Jimin,,1,1
en_english_songs_483,en,Bebe Dame,Fuerza Regida,,1,1
en_english_songs_789,en,FourFiveSeconds,Rihanna,,1,1
en_english_songs_630,en,Make Me Feel Good,Belters Only,,1,1
en_english_songs_242,en,Soarele si Luna,Pasha Parfeni,,1,1
en_english_songs_594,en,Someone You Loved,Lewis Capaldi,,1,1
en_english_songs_662,en,IFTK,Tion Wayne,,1,1
bn_bangla_songs_4549,bn,কিছুদিন মনে মনে ঘরের কোণে,,ফোক গান,0,0
bn_bangla_songs_1305,bn,প্ৰাণবন্ধু কালিয়া আজ তোমারে দিব না ছাড়িয়া,,ফোক গান,0,0
bn_bangla_songs_7635,bn,পাপীর ভাগ্যে এমন দিন কি আর হবে রে,,ফোক গান,0,0
en_english_songs_417,en,You Didn’t,Brett Young,,1,1
bn_bangla_songs_2409,bn,নজর একদিক গেলে আর দিক অন্ধকার হয়,,ফোক গান,0,0
bn_bangla_songs_62,bn,আমি যে এক কৃষকি কৃষিতে ফলাই ফসল,,ফোক গান,0,0
en_english_songs_470,en,SLUT ME OUT,NLE Choppa,,1,1
en_english_songs_159,en,That Girl,Maxi Priest,,1,1
bn_bangla_songs_3026,bn,"এ জনমে মোদের মিলন    হবে না আর, জানি জানি",,নজরুলগীতি,0,0
bn_bangla_songs_1162,bn,শ্যামারূপ হেরিলাম গো কদম্বের তলে,,ফোক গান,0,0
en_english_songs_122,en,Hey Lover,LL COOL J,,1,1
en_english_songs_788,en,Shut Up and Dance,WALK THE MOON,,1,1
bn_bangla_songs_2619,bn,মেঘ-বরণ কন্যা থাকে মেঘলামতীর দেশে,,নজরুলগীতি,0,0
en_english_songs_368,en,Peaches,Jack Black,,1,1
en_english_songs_540,en,Green Green Grass,George Ezra,,1,1
en_english_songs_129,en,Born Slippy (Nuxx) - Radio Edit,Underworld,,1,1
bn_bangla_songs_484,bn,তারে চিনা কঠিন ভাবে,,ফোক গান,0,0
en_english_songs_3,en,God Only Knows - Mono,The Beach Boys,,1,1
bn_bangla_songs_7679,bn,আমার ঠাহর নাই গো মন-বেপারী,,ফোক গান,0,0
bn_bangla_songs_502,bn,বন্ধুর বাড়ির ফুল বাগানে গেলে তরা কই,,ফোক গান,0,0
bn_bangla_songs_1137,bn,পিরিতি বিষম জ্বালা সয় না আমার গায়,,ফোক গান,0,0
bn_bangla_songs_7596,bn,আছে আদি মক্কা এই মানব দেহে,,ফোক গান,0,0
bn_bangla_songs_3531,bn,গোসাঁইর ভাব যেহি ধারা,,ফোক গান,0,0
en_english_songs_88,en,What I Got,Sublime,,1,1
bn_bangla_songs_1732,bn,চাইয়া দেখরে কি আনন্দ অইতেছে আজ নদীয়ায়,,ফোক গান,0,0
en_english_songs_228,en,Sea Of Problems,glichery,,1,1
en_english_songs_163,en,"If You Ever (feat. Gabrielle) - Smoove Mix 7""",East 17,,1,1
en_english_songs_326,en,Chemical,Post Malone,,1,1
bn_bangla_songs_5546,bn,ধায় যেন মোর সকল ভালোবাসা,,রবীন্দ্রসঙ্গীত,0,0
en_english_songs_179,en,See You Again (feat. Kali Uchis),"Tyler, The Creator",,1,1
bn_bangla_songs_1888,bn,হরি বলে ছাড়ো নৌকা তুফান দেখে ভয় করিও না,,ফোক গান,0,0
en_english_songs_632,en,Starlight,Dave,,1,1
en_english_songs_0,en,Imagine - Remastered 2010,John Lennon,,1,1
en_english_songs_145,en,A Design for Life - Remastered,Manic Street Preachers,,1,1
bn_bangla_songs_1086,bn,জয় গৌরার নামে বাদাম তুলি দেও ডঙ্কায় বাড়ি,,ফোক গান,0,0
bn_bangla_songs_1527,bn,শ্যামের বাঁশি মন উদাসী কি মধুর শোনাইল কানে,,ফোক গান,0,0
bn_bangla_songs_6355,bn,হেলাফেলা সারা বেলা,,রবীন্দ্রসঙ্গীত,0,0
bn_bangla_songs_6044,bn,আমরা ঝ’রে-পড়া ফুলদল,,রবীন্দ্রসঙ্গীত,0,0
bn_bangla_songs_169,bn,লাইলাহা ইল্লাল্লাহু  মুহাম্মদ রাসুলুল্লাহ,,ফোক গান,0,0
bn_bangla_songs_4125,bn,কেন বা পিরীতি কৈনু কালা কানুর সনে,,ফোক গান,0,0
bn_bangla_songs_5039,bn,দিন অবসান হল,,রবীন্দ্রসঙ্গীত,0,0
en_english_songs_584,en,"Soweto (with Don Toliver, Rema and Tempoe)",Victony,,1,1
bn_bangla_songs_6098,bn,আমায় রাখতে যদি আপন ঘরে,,ফোক গান,0,0
en_english_songs_641,en,Down Under (feat. Colin Hay),Luude,,1,1
en_english_songs_724,en,Perfect,One Direction,,1,1
en_english_songs_711,en,Don't Stop Me Now - Remastered 2011,Queen,,1,1
bn_bangla_songs_480,bn,মন বলব কি তোমারে,,ফোক গান,0,0
en_english_songs_362,en,Next Thing You Know,Jordan Davis,,1,1
en_english_songs_183,en,Cha Cha Cha,Käärijä,,1,1
en_english_songs_400,en,The Kind of Love We Make,Luke Combs,,1,1
bn_bangla_songs_1122,bn,কুলনাশা বাঁশির স্বরে কুলমান মজায়,,ফোক গান,0,0
en_english_songs_166,en,La Bebe - Remix,Yng Lvcas,,1,1
en_english_songs_695,en,Sweater Weather,The Neighbourhood,,1,1
en_english_songs_472,en,Superhero (Heroes & Villains) [with Future & Chris Brown],Metro Boomin,,1,1
en_english_songs_779,en,The Nights,Avicii,,1,1
bn_bangla_songs_4896,bn,কেন এ হৃদয় চঞ্চল হোলো,,আধুনিক বাংলা গান,0,0
en_english_songs_160,en,We've Got It Goin' On - Radio Edit,Backstreet Boys,,1,1
bn_bangla_songs_3401,bn,আজকে হোরি ও নাগরী,,নজরুলগীতি,0,0
bn_bangla_songs_731,bn,যাও যদি আও দলে দলে উঠেছে বেলা,,ফোক গান,0,0
bn_bangla_songs_4533,bn,রং নাম্বার টেলিফোনে,,আধুনিক বাংলা গান,0,0
bn_bangla_songs_3243,bn,বনে বনে জাগে কী আকুল হরষন,,নজরুলগীতি,0,0
bn_bangla_songs_1415,bn,মনের মানুষ না পাইলে মনের কথা কইয়ো না,,ফোক গান,0,0
en_english_songs_2,en,My Sweet Lord,George Harrison,,1,1
bn_bangla_songs_7260,bn,জয় জয় নবজাত বাংলাদেশ,,দেশাত্মবোধক গান,0,0
en_english_songs_258,en,Unicorn,Noa Kirel,,1,1
bn_bangla_songs_7072,bn,ভ্রমর কইয়ো গিয়া,,ফোক গান,0,0
en_english_songs_69,en,Louie Louie,The Kingsmen,,1,1
en_english_songs_723,en,Wings,Birdy,,1,1
bn_bangla_songs_7453,bn,বড় আশা করে এসেছি গো,,রবীন্দ্রসঙ্গীত,0,0
bn_bangla_songs_7047,bn,নিথুয়া পাথারে নেমেছি বন্ধুরে,,আধুনিক বাংলা গান,0,0
bn_bangla_songs_2843,bn,স্বপ্নে দেখি একটি নতুন ঘর,,নজরুলগীতি,0,0
en_english_songs_510,en,Sunrise,Morgan Wallen,,1,1
en_english_songs_747,en,"I Don't Like It, I Love It (feat. Robin Thicke & Verdine White)",Flo Rida,,1,1
bn_bangla_songs_6147,bn,সে কোন্‌    বনের হরিণ,,রবীন্দ্রসঙ্গীত,0,0
en_english_songs_502,en,PAINTING PICTURES,Superstar Pride,,1,1
en_english_songs_602,en,Afraid To Feel,LF SYSTEM,,1,1
en_english_songs_272,en,Love The Way You Lie,Eminem,,1,1
en_english_songs_451,en,Thinkin’ Bout Me,Morgan Wallen,,1,1
bn_bangla_songs_2106,bn,কিসে আর বোঝাই মন তোরে,,ফোক গান,0,0
bn_bangla_songs_7503,bn,দিন পরে যায় দিন,,রবীন্দ্রসঙ্গীত,0,0
en_english_songs_281,en,Godzilla (feat. Juice WRLD),Eminem,,1,1
en_english_songs_764,en,Heroes (we could be),Alesso,,1,1
bn_bangla_songs_7183,bn,নীলা,,আধুনিক বাংলা গান,0,0
bn_bangla_songs_2840,bn,আমার ভুবন কান পেতে রয় প্রিয়তম তব লাগিয়া,,নজরুলগীতি,0,0
bn_bangla_songs_468,bn,খুঁজলে না কেন তারে,,ফোক গান,0,0
bn_bangla_songs_255,bn,মুর্শিদ নামে কতই মধুর ভাই তার তুলনা নাইরে মনা,,ফোক গান,0,0
bn_bangla_songs_2825,bn,আমি জানি তব মন আমি বুঝি তব ভাষা,,নজরুলগীতি,0,0
bn_bangla_songs_1364,bn,এ প্ৰাণ সখী ললিতে কি জন্য আসিলাম কুঞ্জেতে,,ফোক গান,0,0
bn_bangla_songs_19,bn,তুমি যে হলে শ্রেষ্ঠ বাংলার কূল,,ফোক গান,0,0
bn_bangla_songs_5280,bn,অরূপ বীণা রূপের আড়ালে লুকিয়ে বাজে,,রবীন্দ্রসঙ্গীত,0,0
en_english_songs_36,en,Crazy - Single Version,Patsy Cline,,1,1
bn_bangla_songs_133,bn,ওগো শুনো শুনো গো রজনী ভাবের  রজনী গো,,ফোক গান,0,0
bn_bangla_songs_1262,bn,সখী উপায় কি করি প্ৰেম বিরহে অঙ্গ জ্বলে আর কতো বা ধৈর্য ধরি,,ফোক গান,0,0
bn_bangla_songs_771,bn,সাঁতার না জানিয়া জলে দিও না সাঁতার,,ফোক গান,0,0
bn_bangla_songs_4609,bn,আমি যে জলসা ঘরে,,আধুনিক বাংলা গান,0,0
bn_bangla_songs_1085,bn,গৌরচান্দ রাইকিশোরীর ভাবসাধিকে,,ফোক গান,0,0
en_english_songs_474,en,Rich Flex,Drake,,1,1
en_english_songs_768,en,I Really Like You,Carly Rae Jepsen,,1,1
bn_bangla_songs_7329,bn,সুখের লাগিয়া এ ঘর বাঁধিনু,,ফোক গান,0,0
en_english_songs_636,en,Baby,Aitch,,1,1
en_english_songs_776,en,Bloodstream,Ed Sheeran,,1,1
bn_bangla_songs_7603,bn,সামাল সামাল সমাল তরী,,ফোক গান,0,0
en_english_songs_441,en,Rock and A Hard Place,Bailey Zimmerman,,1,1
en_english_songs_498,en,It Matters To Her,Scotty McCreery,,1,1
en_english_songs_726,en,Heartbeat Song,Kelly Clarkson,,1,1
en_english_songs_222,en,Keep Dat Nigga,Icandy,,1,1
bn_bangla_songs_89,bn,চাতকে বরিষণ চায় কবে হয়রে বরিষণ রইলো অপেক্ষায়,,ফোক গান,0,0
en_english_songs_352,en,If He Wanted To He Would,Kylie Morgan,,1,1
bn_bangla_songs_2485,bn,বাসরের দীপ আর আকাশের তারাগুলি,,আধুনিক বাংলা গান,0,0
bn_bangla_songs_1661,bn,তোরে করি গো মানা জলের ঘাটে এগো সখী একেলা যাইও না,,ফোক গান,0,0
bn_bangla_songs_6464,bn,তুমি    যেয়ো না এখনি,,রবীন্দ্রসঙ্গীত,0,0
en_english_songs_79,en,Don't Speak,No Doubt,,1,1
bn_bangla_songs_1254,bn,শোনগো সখী ললিতে আমার কৃষ্ণ প্রেমের লাঞ্ছনা,,ফোক গান,0,0
en_english_songs_509,en,"You, Me, And Whiskey",Justin Moore,,1,1
en_english_songs_147,en,Falling Into You,Céline Dion,,1,1
bn_bangla_songs_1611,bn,কদমতলে কে বাঁশি বাজায় গো ঐ শোনা যায়,,ফোক গান,0,0
en_english_songs_211,en,FLOWER,JISOO,,1,1
en_english_songs_136,en,Everyday Is A Winding Road,Sheryl Crow,,1,1
en_english_songs_5,en,Bohemian Rhapsody - Remastered 2011,Queen,,1,1
en_english_songs_29,en,Sunshine Of Your Love,Cream,,1,1
bn_bangla_songs_3299,bn,মোর পুষ্প-পাগল মধবী কুঞ্জে,,নজরুলগীতি,0,0
en_english_songs_554,en,Mountain,Sam Ryder,,1,1
bn_bangla_songs_6534,bn,মম যৌবননিকুঞ্জে গাহে পাখি,,রবীন্দ্রসঙ্গীত,0,0
en_english_songs_389,en,Eat Your Young,Hozier,,1,1
bn_bangla_songs_1089,bn,শুন গো সাঁই ঐ বাজে গো বাঁশি,,ফোক গান,0,0
bn_bangla_songs_1968,bn,ঐ নাম লও জীব মুখে রে রাধা গোবিন্দ নাম বল,,ফোক গান,0,0
en_english_songs_572,en,Side Effects,Becky Hill,,1,1
bn_bangla_songs_6780,bn,হাত ধরেছি হাঁটছি পথে,,আধুনিক বাংলা গান,0,0
bn_bangla_songs_1720,bn,কি দিয়া সুধিমু প্ৰেম ঋণগো রাই আমার সে ধন নাই,,ফোক গান,0,0
bn_bangla_songs_2690,bn,যেদিন রোজ হাশরে করতে বিচার,,নজরুলগীতি,0,0
bn_bangla_songs_4565,bn,"শ্রাবণরাতি বাদল নামে, কোথা তুমি এসো ফিরে",,আধুনিক বাংলা গান,0,0
bn_bangla_songs_344,bn,করে কেবল তাড়াহুড়া রে কেবল তাড়াহুড়া,,ফোক গান,0,0
bn_bangla_songs_6582,bn,সুনীল সাগরের শ্যামল কিনারে,,রবীন্দ্রসঙ্গীত,0,0
en_english_songs_371,en,Handle On You,Parker McCollum,,1,1
bn_bangla_songs_3674,bn,সুরা ইনফিতার,,নজরুলগীতি,0,0
en_english_songs_149,en,Sexy Eyes,Whigfield,,1,1
en_english_songs_306,en,Ass Like That,Eminem,,1,1
bn_bangla_songs_50,bn,নিজামুদ্দিন আউলিয়া আলো দিলেন ছড়াইয়া,,ফোক গান,0,0
en_english_songs_761,en,Lips Are Movin,Meghan Trainor,,1,1
bn_bangla_songs_2712,bn,ভুল করিলে বনমালী এসে বনে ফুল ফোটাতে,,নজরুলগীতি,0,0
bn_bangla_songs_6589,bn,কী রাগিণী বাজালে হৃদয়ে,,রবীন্দ্রসঙ্গীত,0,0
bn_bangla_songs_6908,bn,সে যে বসে আছে একা একা,,আধুনিক বাংলা গান,0,0
bn_bangla_songs_4147,bn,দেখিব যে দিনে আপন নয়নে কহিতে তা সনে কথা,,ফোক গান,0,0
en_english_songs_488,en,Low Down,Lil Baby,,1,1
en_english_songs_35,en,Billie Jean,Michael Jackson,,1,1
en_english_songs_393,en,Baby Don't Hurt Me,David Guetta,,1,1
bn_bangla_songs_5216,bn,পূর্ণ-আনন্দ পূর্ণমঙ্গলরূপে হৃদয়ে এসো,,রবীন্দ্রসঙ্গীত,0,0
bn_bangla_songs_1490,bn,"আমার ভবজ্বালা গেল না, সৎ পিরিতি হইল না",,ফোক গান,0,0
en_english_songs_231,en,TABU.,Yung Yury,,1,1
bn_bangla_songs_2780,bn,শোনরে মন রসনা যদি কর প্রেমের বাসনা,,ফোক গান,0,0
bn_bangla_songs_4295,bn,দিকে দিকে পুন জ্বলিয়া উঠেছে দীন-ই-ইসলামী লাল মশাল,,নজরুলগীতি,0,0
en_english_songs_372,en,Live Without Love,Shouse,,1,1
bn_bangla_songs_6077,bn,জীবনে এ কি প্রথম বসন্ত এল,,রবীন্দ্রসঙ্গীত,0,0
en_english_songs_698,en,Do I Wanna Know?,Arctic Monkeys,,1,1
en_english_songs_117,en,How Deep Is Your Love,Take That,,1,1
en_english_songs_22,en,One,U2,,1,1
bn_bangla_songs_170,bn,বিসমিল্লাহ পড় দুরুদে বুঝিয়া বরকত-মনরে,,ফোক গান,0,0
bn_bangla_songs_996,bn,ওগো প্রাণ-সই বন্ধু বিনে মনের বেদনা কারে কই,,ফোক গান,0,0
en_english_songs_188,en,AMG,Natanael Cano,,1,1
en_english_songs_769,en,Hotline Bling,Drake,,1,1
en_english_songs_737,en,I'm Not The Only One - Radio Edit,Sam Smith,,1,1
bn_bangla_songs_1761,bn,ধন্য শ্ৰীচৈতন্য উদয় নদীয়ায়,,ফোক গান,0,0
bn_bangla_songs_2829,bn,চাঁপা রঙের শাড়ি আমার,,নজরুলগীতি,0,0
en_english_songs_304,en,What's The Difference,Dr. Dre,,1,1
en_english_songs_565,en,Princess Diana,Ice Spice,,1,1
bn_bangla_songs_1963,bn,"অজ্ঞান মন, কৃষ্ণ ভক্তিরসে কেন ভুবলে না",,ফোক গান,0,0
en_english_songs_778,en,Runaway (U & I),Galantis,,1,1
bn_bangla_songs_2854,bn,খর রৌদ্রের হোমানল জ্বালি,,নজরুলগীতি,0,0
bn_bangla_songs_6522,bn,এই বুঝি মোর ভোরের তারা এল সাঁঝের তারার বেশে,,রবীন্দ্রসঙ্গীত,0,0
bn_bangla_songs_5626,bn,বেদনা কী ভাষায় রে,,রবীন্দ্রসঙ্গীত,0,0
bn_bangla_songs_5928,bn,তোমার ভাবনা ভাবলে আমার ভাবনা রবে না,,ফোক গান,0,0
en_english_songs_669,en,Anyone For You (Tiger Lily),George Ezra,,1,1
bn_bangla_songs_4671,bn,পঙ্খি যায় উইড়া যায়,,ফোক গান,0,0
bn_bangla_songs_2832,bn,ত্রিংশ কোটি তব সন্তান ডাকে তোরে,,নজরুলগীতি,0,0
bn_bangla_songs_1776,bn,মন চল চৈতন্য দেশে,,ফোক গান,0,0
bn_bangla_songs_3757,bn,শ্যামা নামের ভেলায় চড়ে,,নজরুলগীতি,0,0
en_english_songs_230,en,Mama ŠČ!,Let 3,,1,1
bn_bangla_songs_1580,bn,মধুর ধ্বনি শুনা যায় বাঁশি বাজায় শ্যামরায়,,ফোক গান,0,0
bn_bangla_songs_4270,bn,বন্ধু যদি গেল বনে শুন ওগো সখি,,ফোক গান,0,0
en_english_songs_744,en,Intoxicated - Radio Edit,Martin Solveig,,1,1
en_english_songs_132,en,Virtual Insanity - Remastered,Jamiroquai,,1,1
en_english_songs_240,en,Giving Me,Jazzy,,1,1
en_english_songs_180,en,Calm Down (with Selena Gomez),Rema,,1,1
en_english_songs_767,en,Bills,LunchMoney Lewis,,1,1
en_english_songs_760,en,Easy Love,Sigala,,1,1
en_english_songs_64,en,White Christmas,Bing Crosby,,1,1
en_english_songs_91,en,Don't Look Back In Anger - Remastered,Oasis,,1,1
bn_bangla_songs_514,bn,কুটুম পাখিরে কোন দেশের জঙ্গলে তোমার বাস,,ফোক গান,0,0
en_english_songs_345,en,I'm Not Here To Make Friends,Sam Smith,,1,1
en_english_songs_791,en,Want to Want Me,Jason Derulo,,1,1
bn_bangla_songs_6748,bn,পূর্ণিমা চাঁদ,,আধুনিক বাংলা গান,0,0
en_english_songs_297,en,Cinderella Man,Eminem,,1,1
en_english_songs_78,en,Wannabe,Spice Girls,,1,1
bn_bangla_songs_6316,bn,গহন ঘন বনে পিয়াল-তমাল-সহকার-ছায়ে,,রবীন্দ্রসঙ্গীত,0,0
bn_bangla_songs_5363,bn,এবার   নীরব করে দাও হে তোমার মুখর কবিরে,,রবীন্দ্রসঙ্গীত,0,0
en_english_songs_146,en,Cold Rock a Party,MC Lyte,,1,1
en_english_songs_715,en,"Love Me Like You Do - From ""Fifty Shades Of Grey""",Ellie Goulding,,1,1
bn_bangla_songs_7056,bn,বেলা শেষে ফিরে এসে পাইনি তোমায়,,আধুনিক বাংলা গান,0,0
bn_bangla_songs_74,bn,তুমি আছ বিশ্বমাঝে তুমি মন আবেগি,,ফোক গান,0,0
bn_bangla_songs_6537,bn,আহা   জাগি পোহালো বিভাবরী,,রবীন্দ্রসঙ্গীত,0,0
bn_bangla_songs_3634,bn,শ্মশানে জাগিছে শ্যামা অন্তিমে সন্তানে নিতে কোলে,,নজরুলগীতি,0,0
bn_bangla_songs_4303,bn,চম্পক বরণী বয়সে তরুণী হাসিতে অমিয়া ধারা,,ফোক গান,0,0
bn_bangla_songs_2307,bn,আছে যার মনের মানুষ মনে সে কি জপে মালা,,ফোক গান,0,0
en_english_songs_710,en,Stay the Night,Sigala,,1,1
en_english_songs_332,en,Fast Car,Luke Combs,,1,1
bn_bangla_songs_7063,bn,গুরুপদে ডুবে থাক রে আমার মন,,ফোক গান,0,0
en_english_songs_696,en,Do It To It,ACRAZE,,1,1
en_english_songs_303,en,We Made You,Eminem,,1,1
bn_bangla_songs_3683,bn,সুরা লহব্,,নজরুলগীতি,0,0
en_english_songs_494,en,Red Ruby Da Sleeze,Nicki Minaj,,1,1
bn_bangla_songs_7444,bn,মাঝি নাও ছাইরা দে,,দেশাত্মবোধক গান,0,0
bn_bangla_songs_4299,bn,বসিয়া বিজনে কেন একা মনে,,নজরুলগীতি,0,0
bn_bangla_songs_1386,bn,হইল বর্ষাগত শরৎ আগত অশ্বিন যামিনী,,ফোক গান,0,0
bn_bangla_songs_4144,bn,সই মরম কহিএ তোকে,,ফোক গান,0,0
en_english_songs_290,en,Sing For The Moment,Eminem,,1,1
bn_bangla_songs_6472,bn,কে দিল আবার আঘাত আমার দুয়ারে,,রবীন্দ্রসঙ্গীত,0,0
bn_bangla_songs_837,bn,রাখ কি মার এই দয়া কর,,ফোক গান,0,0
en_english_songs_253,en,Past Lives,Farizki,,1,1
en_english_songs_407,en,Memory Lane,Old Dominion,,1,1
en_english_songs_322,en,Bad Guy,Eminem,,1,1
bn_bangla_songs_4085,bn,চন্দ্রাবলী সনে কুসুম শয়নে সুখেতে ছিলেন শ্যাম,,ফোক গান,0,0
bn_bangla_songs_1837,bn,আয় বা’ নিলাজে কালা’ রে,,ফোক গান,0,0
bn_bangla_songs_3677,bn,সুরা তকভীর,,নজরুলগীতি,0,0
bn_bangla_songs_1515,bn,শ্যামরূপের নাই তুলনা,,ফোক গান,0,0
bn_bangla_songs_6128,bn,যুদ্ধ যখন বাধিল অচলে চঞ্চলে,,রবীন্দ্রসঙ্গীত,0,0
en_english_songs_107,en,Born Slippy (Nuxx),Underworld,,1,1
bn_bangla_songs_2479,bn,প্রজাপতি মন আমার পাখায় পাখায় রং ছড়ায়,,আধুনিক বাংলা গান,0,0
en_english_songs_794,en,Thinking out Loud,Ed Sheeran,,1,1
en_english_songs_708,en,Lost,Frank Ocean,,1,1
bn_bangla_songs_2766,bn,না দেখিলে উনাদুনা দেখলে জ্বলে তিন দুনা,,ফোক গান,0,0
en_english_songs_676,en,Fingers Crossed,Lauren Spencer Smith,,1,1
en_english_songs_262,en,Gladiator,Jann,,1,1
en_english_songs_462,en,Princess Diana (with Nicki Minaj),Ice Spice,,1,1
bn_bangla_songs_6943,bn,ও পাড়েতে বন্ধুর বাড়ি,,আধুনিক বাংলা গান,0,0
en_english_songs_700,en,Yellow,Coldplay,,1,1
en_english_songs_578,en,messy in heaven,venbee,,1,1
bn_bangla_songs_487,bn,মরুতে আজ ফুটল কুসুম বাজিল ভেরী,,ফোক গান,0,0
bn_bangla_songs_5629,bn,মেঘের ‘পরে মেঘ জমেছে আঁধার করে আসে,,রবীন্দ্রসঙ্গীত,0,0
en_english_songs_90,en,Coco Jamboo,Mr. President,,1,1
bn_bangla_songs_1281,bn,"বাহির হইয়া শুন সজনী, ঐ করে কোকিলায় ধ্বনি",,ফোক গান,0,0
bn_bangla_songs_3343,bn,সাধ জাগে মনে পর-জীবনে,,নজরুলগীতি,0,0
bn_bangla_songs_7032,bn,রাখাল ছেলে,,আধুনিক বাংলা গান,0,0
en_english_songs_780,en,Photograph,Ed Sheeran,,1,1
bn_bangla_songs_2412,bn,বলবো না গো আর কোনোদিন,,ফোক গান,0,0
bn_bangla_songs_1821,bn,ঐ বাজে প্ৰাণবন্ধের বাঁশি জয় রাধা বলে,,ফোক গান,0,0
en_english_songs_635,en,abc (nicer),GAYLE,,1,1
bn_bangla_songs_1126,bn,খুলি নেও গলার হার গো ললিতে,,ফোক গান,0,0
en_english_songs_14,en,Paranoid,Black Sabbath,,1,1
bn_bangla_songs_7492,bn,ওদের বাঁধন যতই শক্ত হবে,,রবীন্দ্রসঙ্গীত,0,0
bn_bangla_songs_4777,bn,"বলেছিল ‘ধরা দেব না’, শুনেছিল সেই বড়াই",,রবীন্দ্রসঙ্গীত,0,0
en_english_songs_680,en,Big City Life,Luude,,1,1
bn_bangla_songs_5427,bn,আমায়   মুক্তি যদি দাও বাঁধন খুলে,,রবীন্দ্রসঙ্গীত,0,0
en_english_songs_131,en,Guess Who's Back,Rakim,,1,1
en_english_songs_397,en,All The Way Over,Sam Ryder,,1,1
bn_bangla_songs_825,bn,"বন্ধুয়া রে, তুমি আমারে দিও না ফাঁকি",,ফোক গান,0,0
bn_bangla_songs_1860,bn,শুন ওরে মন বলি রে তোরে,,ফোক গান,0,0
en_english_songs_155,en,Insomnia - Radio Edit,Faithless,,1,1
bn_bangla_songs_7621,bn,"মন, তোরে আজ ধরতে পারতাম হাতে",,ফোক গান,0,0
bn_bangla_songs_180,bn,অন্তরে প্রাণবন্ধুর বিরাজ জানিনা,,ফোক গান,0,0
en_english_songs_264,en,Lose Yourself,Eminem,,1,1
bn_bangla_songs_1716,bn,প্ৰাণসখীরে ঐ শোন কদম্বতলে বংশী বাজায় কে,,ফোক গান,0,0
bn_bangla_songs_2813,bn,সামলে চলো পিছল পথ গোরী,,নজরুলগীতি,0,0
en_english_songs_471,en,Spin Bout U,Drake,,1,1
en_english_songs_139,en,María - Pablo Flores Spanglish Radio Edit,Ricky Martin,,1,1
en_english_songs_182,en,Die For You (with Ariana Grande) - Remix,The Weeknd,,1,1
en_english_songs_21,en,Like a Rolling Stone,Bob Dylan,,1,1
bn_bangla_songs_6655,bn,সেই যে চলে গেলে,,আধুনিক বাংলা গান,0,0
bn_bangla_songs_3247,bn,"নয়নে ঘনাও মেঘ, মালবিকা",,নজরুলগীতি,0,0
en_english_songs_461,en,Under The Influence,Chris Brown,,1,1
bn_bangla_songs_6566,bn,তোমার পায়ের তলায় যেন গো রঙ লাগে,,রবীন্দ্রসঙ্গীত,0,0
bn_bangla_songs_2633,bn,পায়েল বোলে রিনিঝিনি,,নজরুলগীতি,0,0
en_english_songs_109,en,2 Become 1,Spice Girls,,1,1
en_english_songs_134,en,Novocaine For The Soul,Eels,,1,1
bn_bangla_songs_7014,bn,আমি দুঃখকে সুখে ভেবে বইতে পারি,,আধুনিক বাংলা গান,0,0
en_english_songs_691,en,The Family Madrigal,Stephanie Beatriz,,1,1
en_english_songs_124,en,Barely Breathing,Duncan Sheik,,1,1
en_english_songs_699,en,Woman,Doja Cat,,1,1
en_english_songs_434,en,Die For You - Remix,The Weeknd,,1,1
en_english_songs_414,en,Trouble,Josh Ross,,1,1
bn_bangla_songs_605,bn,তুফান মেল তুফান মেল যায়,,আধুনিক বাংলা গান,0,0
en_english_songs_366,en,Alone (with Nicki Minaj),Kim Petras,,1,1
en_english_songs_9,en,“Heroes” - Single Version; 2014 Remaster,David Bowie,,1,1
en_english_songs_733,en,Somebody,Natalie La Rose,,1,1
en_english_songs_126,en,Rotterdam (Or Anywhere),The Beautiful South,,1,1
bn_bangla_songs_1847,bn,ঐনি কালিয়ার বাঁশির ধ্বনি গো সজনী,,ফোক গান,0,0
bn_bangla_songs_638,bn,চুলা বানাইল কি কৌশলে,,ফোক গান,0,0
en_english_songs_725,en,Bang Bang,Jessie J,,1,1
bn_bangla_songs_3836,bn,"রসনে, কালী নাম রটরে",,ফোক গান,0,0
en_english_songs_653,en,All I Want for Christmas Is You,Mariah Carey,,1,1
bn_bangla_songs_6123,bn,আমাদের      ভয় কাহারে,,রবীন্দ্রসঙ্গীত,0,0
bn_bangla_songs_4952,bn,"পথের   শেষ কোথায়, শেষ কোথায়,    কী আছে শেষে",,রবীন্দ্রসঙ্গীত,0,0
bn_bangla_songs_4405,bn,কৃষ্ণকায়া আফ্রিকা মোর কৃষ্ণকলি মা,,আধুনিক বাংলা গান,0,0
en_english_songs_364,en,Thank God I Do,Lauren Daigle,,1,1
en_english_songs_626,en,Where Are You Now,Lost Frequencies,,1,1
en_english_songs_153,en,Let's Make A Night To Remember,Bryan Adams,,1,1
bn_bangla_songs_1156,bn,আমি বিনয় করি বলি রে শুক পাখিয়া,,ফোক গান,0,0
en_english_songs_312,en,You Don't Know,Eminem,,1,1
bn_bangla_songs_4061,bn,উহাঁর নাম করো না নামে মোর নাহি কাজ,,ফোক গান,0,0
en_english_songs_156,en,Bellissima - Radio Edit,DJ Quicksilver,,1,1
bn_bangla_songs_4235,bn,সুখের লাগিয়া পিরীতি করিনু শ্যাম বন্ধুয়ার সনে,,ফোক গান,0,0
en_english_songs_388,en,Fantasy (with GAYLE & Em Beihold),Lauren Spencer Smith,,1,1
bn_bangla_songs_4294,bn,"আদি পরম বাণী, ঊর বীণাপাণি",,নজরুলগীতি,0,0
en_english_songs_291,en,I Need A Doctor,Dr. Dre,,1,1
bn_bangla_songs_3573,bn,আমার মানস-বনে ফুটেছে রে শ্যামা-লতার মঞ্জরী,,নজরুলগীতি,0,0
bn_bangla_songs_329,bn,আমি তো নয় রে বাউল রে বাউল হইলো আমার মন রে,,ফোক গান,0,0
bn_bangla_songs_880,bn,"বড় ভাবী গো, আমারে ঠেকাইছন আলায়",,ফোক গান,0,0
bn_bangla_songs_3721,bn,"আমি ‘মদিনা’ মহারাজার মেয়ে, সকলের জানা আছে",,নজরুলগীতি,0,0
en_english_songs_613,en,Heart of Steel - Eurovision Version,TVORCHI,,1,1
bn_bangla_songs_7423,bn,নারী হয় লজ্জাতে লাল,,ফোক গান,0,0
en_english_songs_114,en,Burden In My Hand,Soundgarden,,1,1
en_english_songs_30,en,Be My Baby,The Ronettes,,1,1
bn_bangla_songs_783,bn,সোনার যৌবন আমার বিফলে গেল,,ফোক গান,0,0
bn_bangla_songs_7345,bn,জল বলে চল মোর সাথে চল,,ফোক গান,0,0
bn_bangla_songs_446,bn,আমার মন পরানের নাও শূন্য ভরে উড়াল দিয়া যাও,,ফোক গান,0,0
en_english_songs_95,en,Have You Ever Really Loved A Woman?,Bryan Adams,,1,1
bn_bangla_songs_2897,bn,চোখ গেল চোখ গেল কেন ডাকিস রে,,নজরুলগীতি,0,0
bn_bangla_songs_1588,bn,ভুবনমোহন শ্যামরূপ গো সখী দেখিতে সুন্দর,,ফোক গান,0,0
en_english_songs_793,en,Sugar,Maroon 5,,1,1
bn_bangla_songs_1925,bn,ও জলে দেখিবি যদি আয়,,ফোক গান,0,0
en_english_songs_23,en,Light My Fire,The Doors,,1,1
bn_bangla_songs_4935,bn,তরুতলে ছিন্নবৃন্ত মালতীর ফুল,,রবীন্দ্রসঙ্গীত,0,0
bn_bangla_songs_4378,bn,স্যার আমি পারব (হন্টারভিউ),,আধুনিক বাংলা গান,0,0
bn_bangla_songs_3833,bn,একদিন পরের কথা ভাবলি নারে,,ফোক গান,0,0
bn_bangla_songs_2338,bn,আশেক বিনে ভেদের কথা কে আর পোছে,,ফোক গান,0,0
bn_bangla_songs_1441,bn,তরা দেখ সখীগন ভালোমতে কাটে গুয়া দেবের নারীগণ,,ফোক গান,0,0
en_english_songs_750,en,Fight Song,Rachel Platten,,1,1
bn_bangla_songs_555,bn,দীপ খোঁজে আলো মন খোঁজে মন,,আধুনিক বাংলা গান,0,0
en_english_songs_293,en,Beautiful,Eminem,,1,1
bn_bangla_songs_4665,bn,ঝরাপাতার গান (ও ঝরা পাতা- ও ঝরা পাতাগো),,আধুনিক বাংলা গান,0,0
en_english_songs_19,en,Every Breath You Take - Remastered 2003,The Police,,1,1
en_english_songs_452,en,Dancin’ In The Country,Tyler Hubbard,,1,1
bn_bangla_songs_550,bn,"এমনি বরষা ছিল সেদিন, শিয়রে প্রদীপ ছিল মলিন",,আধুনিক বাংলা গান,0,0
bn_bangla_songs_1422,bn,"কেনে ভাবে আইলাম রে, নিতাই চৈতন্যের হাটে মাইরা খাইলাম",,ফোক গান,0,0
en_english_songs_563,en,Calendar,Nines,,1,1
bn_bangla_songs_3364,bn,আসিলে কে গো বিদেশি,,নজরুলগীতি,0,0
bn_bangla_songs_2606,bn,পড় লাইলাহা ইল্লাল্লাহু নকসা যার আছে দীলে,,ফোক গান,0,0
bn_bangla_songs_2796,bn,রাম-ছাগী গায় চতুরঙ্গ বেড়ার ধারে,,নজরুলগীতি,0,0
bn_bangla_songs_5609,bn,আমি আগের ঠিকানায় আছি,,আধুনিক বাংলা গান,0,0
en_english_songs_203,en,Cruel Summer,Taylor Swift,,1,1
en_english_songs_702,en,Make You Smile,D-Block Europe,,1,1
bn_bangla_songs_3971,bn,সদা বল তত্ত্ব তত্ত্ব কত তত্ত্ব শুন চব্বিশ তত্ত্বে হয় দেহের গঠন,,ফোক গান,0,0
en_english_songs_98,en,Doin' Time,Sublime,,1,1
bn_bangla_songs_235,bn,দয়াল মুর্শিদ গো এই ভবে নেই,,ফোক গান,0,0
bn_bangla_songs_2804,bn,ঘুমাইতে দাও শ্রান্ত রবিরে,,নজরুলগীতি,0,0
en_english_songs_172,en,TQG,KAROL G,,1,1
en_english_songs_11,en,Johnny B. Goode - Single Version,Chuck Berry,,1,1
bn_bangla_songs_6818,bn,ঘুমন্ত শহরে রূপালী রাতে,,আধুনিক বাংলা গান,0,0
bn_bangla_songs_4645,bn,বিধিরে তুই আমায় ছাড়া রঙ্গ করার মানুষ দেখলি না,,আধুনিক বাংলা গান,0,0
en_english_songs_738,en,Freak Of The Week,Krept & Konan,,1,1
bn_bangla_songs_2330,bn,জানতে আদম সফির আদ্য কথা,,ফোক গান,0,0
en_english_songs_728,en,Bad Blood,Taylor Swift,,1,1
bn_bangla_songs_5502,bn,তুমি        এবার আমায় লহো হে নাথ,,রবীন্দ্রসঙ্গীত,0,0
bn_bangla_songs_2459,bn,শিয়রের দীপ যদি শেষে নিভে যায়,,আধুনিক বাংলা গান,0,0
en_english_songs_665,en,Perfect,Ed Sheeran,,1,1
bn_bangla_songs_2580,bn,পাখী জানে ফুল কেন ফোটে গো,,আধুনিক বাংলা গান,0,0
en_english_songs_605,en,Too Many Nights (feat. Don Toliver & with Future),Metro Boomin,,1,1
en_english_songs_112,en,I Finally Found Someone (feat. Bryan Adams),Barbra Streisand,,1,1
en_english_songs_273,en,Higher,Eminem,,1,1
bn_bangla_songs_6736,bn,সে তারা ভরা রাতে,,আধুনিক বাংলা গান,0,0
bn_bangla_songs_6214,bn,দুয়ার মোর পথপাশে,,রবীন্দ্রসঙ্গীত,0,0
bn_bangla_songs_4136,bn,শুন কমলিনি চল কুল রাখি আর না করিও নাম,,ফোক গান,0,0
en_english_songs_499,en,Que Vuelvas,Carin Leon,,1,1
bn_bangla_songs_7296,bn,শ্রী দুর্গা নাম ভুলো না,,ফোক গান,0,0
en_english_songs_631,en,Cold Heart - PNAU Remix,Elton John,,1,1
en_english_songs_351,en,Here,Tom Grennan,,1,1
en_english_songs_398,en,SNAP,Rosa Linn,,1,1
bn_bangla_songs_3924,bn,আছে মায়ের ওতে জগৎ পিতা ভেবে দেখ না,,ফোক গান,0,0
bn_bangla_songs_6862,bn,পাহাড়ের কান্না দেখে তোমরা তাকে ঝরণা বলো,,আধুনিক বাংলা গান,0,0
bn_bangla_songs_1088,bn,দেইখে আইলাম শ্যামকালা গো সজনী,,ফোক গান,0,0
en_english_songs_620,en,Bad Habits,Ed Sheeran,,1,1
en_english_songs_105,en,Change the World,Eric Clapton,,1,1
en_english_songs_143,en,You're Gorgeous,Babybird,,1,1
en_english_songs_4,en,Bridge Over Troubled Water,Simon & Garfunkel,,1,1
bn_bangla_songs_31,bn,আপন জেনে সহায় থেকো পারলে এক্তিয়ারে,,ফোক গান,0,0
en_english_songs_213,en,Frágil,Yahritza Y Su Esencia,,1,1
en_english_songs_181,en,Yandel 150,Yandel,,1,1
bn_bangla_songs_1944,bn,গউর নিতাই আইসে রে ও হরির নাম অমৃতে ভাসাইলে,,ফোক গান,0,0
bn_bangla_songs_1840,bn,আমার গৃহ কর্ম না লয় মনে,,ফোক গান,0,0
bn_bangla_songs_6475,bn,ভুল করেছিনু ভুল ভেঙেছে,,রবীন্দ্রসঙ্গীত,0,0
en_english_songs_413,en,All By Myself,Alok,,1,1
bn_bangla_songs_2893,bn,নূরজাহান! নূরজাহান!,,নজরুলগীতি,0,0
bn_bangla_songs_6367,bn,আমি    এলেম তারি দ্বারে,,রবীন্দ্রসঙ্গীত,0,0
bn_bangla_songs_5425,bn,যেতে যেতে চায় না যেতে,,রবীন্দ্রসঙ্গীত,0,0
en_english_songs_311,en,Survival,Eminem,,1,1
bn_bangla_songs_2594,bn,মায় যে আমার কত কাছে রয়,,ফোক গান,0,0
bn_bangla_songs_5707,bn,মধু-গন্ধে ভরা   মৃদু-স্নিগ্ধছায়া   নীপ-কুঞ্জতলে,,রবীন্দ্রসঙ্গীত,0,0
en_english_songs_261,en,Somebody's Pleasure,Aziz Hedra,,1,1
en_english_songs_399,en,Made You Look,Meghan Trainor,,1,1
bn_bangla_songs_1931,bn,গৌরচান ছাপাইয়ে রাখবো কেউরিরে না দেখতে দিবো,,ফোক গান,0,0
bn_bangla_songs_1404,bn,যাবে যদি মন সহজ ভাবের দেশে,,ফোক গান,0,0
bn_bangla_songs_6565,bn,না বলে যেয়ো না চলে মিনতি করি,,রবীন্দ্রসঙ্গীত,0,0
en_english_songs_459,en,Tennessee Orange,Megan Moroney,,1,1
bn_bangla_songs_2672,bn,যে রসুল বলতে নয়ন ঝরে,,নজরুলগীতি,0,0
en_english_songs_717,en,Lay Me Down,Sam Smith,,1,1
en_english_songs_634,en,Where Did You Go? (feat. MNEK),Jax Jones,,1,1
bn_bangla_songs_1277,bn,বল না বল না সখী কি করি উপায় গো,,ফোক গান,0,0
en_english_songs_174,en,Tattoo,Loreen,,1,1
en_english_songs_299,en,The Monster,Eminem,,1,1
en_english_songs_453,en,What Is Real?,The Band That Saved The World,,1,1
en_english_songs_428,en,Reflections,The Band That Saved The World,,1,1
en_english_songs_321,en,Guilty Conscience,Eminem,,1,1
bn_bangla_songs_559,bn,"প্রভুজী, প্রভুজী, প্রভুজী তুমি দাও দরশন",,আধুনিক বাংলা গান,0,0
en_english_songs_85,en,1979 - Remastered 2012,The Smashing Pumpkins,,1,1
en_english_songs_97,en,Un-Break My Heart,Toni Braxton,,1,1
en_english_songs_239,en,Bye,Aditya Bhardwaj,,1,1
bn_bangla_songs_870,bn,স্বাধীন দেশে থাকি আমরা স্বাধীন দেশে থাকি,,ফোক গান,0,0
bn_bangla_songs_6246,bn,তুমি মোর পাও নাই পরিচয়,,রবীন্দ্রসঙ্গীত,0,0
en_english_songs_28,en,Waterloo Sunset - Mono Version,The Kinks,,1,1
en_english_songs_421,en,Outskirts,Sam Hunt,,1,1
en_english_songs_252,en,Bridges,ALIKA,,1,1
bn_bangla_songs_4400,bn,একটু রক্ত দাও একটু রক্ত দাও,,আধুনিক বাংলা গান,0,0
bn_bangla_songs_1774,bn,ভব সিন্ধু পার হবে যদি মন আয়,,ফোক গান,0,0
bn_bangla_songs_247,bn,গানে ডাকি মুর্শিদেরে গানে খুঁজে পাই,,ফোক গান,0,0
en_english_songs_15,en,I Heard It Through The Grapevine,Marvin Gaye,,1,1
en_english_songs_259,en,Be My Lover (feat. La Bouche) - 2023 Mix,Hypaton,,1,1
bn_bangla_songs_4063,bn,রাইয়ের বচন শুনি সখীগণ আনল যমুনা বারি,,ফোক গান,0,0
en_english_songs_697,en,Location (feat. Burna Boy),Dave,,1,1
en_english_songs_185,en,Anti-Hero,Taylor Swift,,1,1
bn_bangla_songs_2622,bn,কে হেলে দুলে চলে এলোচুলে,,নজরুলগীতি,0,0
bn_bangla_songs_3565,bn,রক্ষা-কালীর রক্ষা-কবচ আছে আমায় ঘিরে,,নজরুলগীতি,0,0
bn_bangla_songs_7073,bn,ঘাটে লাগাইয়া ডিঙ্গা,,আধুনিক বাংলা গান,0,0
bn_bangla_songs_2085,bn,আজ হৃদয়ে ভালোবেসে,,আধুনিক বাংলা গান,0,0
bn_bangla_songs_6295,bn,"পথিক পরান চল্‌, চল্‌ সে পথে তুই",,রবীন্দ্রসঙ্গীত,0,0
en_english_songs_350,en,Heaven,Niall Horan,,1,1
en_english_songs_558,en,Heat Waves,Glass Animals,,1,1
bn_bangla_songs_5742,bn,ওই কি এলে আকাশপারে দিক-ললনার প্রিয়,,রবীন্দ্রসঙ্গীত,0,0
en_english_songs_692,en,love nwantiti (ah ah ah),CKay,,1,1
en_english_songs_384,en,Dawns (feat. Maggie Rogers),Zach Bryan,,1,1
en_english_songs_224,en,GOOD LOYAL THOTS,Odetari,,1,1
bn_bangla_songs_7135,bn,জননী,,আধুনিক বাংলা গান,0,0
bn_bangla_songs_4239,bn,পিরীতি বলিয়া একটি কমল রসের সাগর মাঝে,,ফোক গান,0,0
en_english_songs_271,en,The Way I Am,Eminem,,1,1
bn_bangla_songs_6781,bn,মুখোশে আমায় যেমন দেখো,,আধুনিক বাংলা গান,0,0
bn_bangla_songs_1224,bn,দুঃখ সহনো না যায় যৌবন চলিয়া গেল সখী,,ফোক গান,0,0
bn_bangla_songs_6853,bn,তুমি একজনই শুধু বন্ধু আমার,,আধুনিক বাংলা গান,0,0
bn_bangla_songs_4324,bn,কি করিব কোথা যাব কি হৈবে উপায়,,ফোক গান,0,0
bn_bangla_songs_1723,bn,গৌর বলিয়ে ও নাগরী হৃদয় ফাটিয়ে যায়,,ফোক গান,0,0
bn_bangla_songs_6130,bn,"ও কি এল, ও কি এল না",,রবীন্দ্রসঙ্গীত,0,0
en_english_songs_406,en,If We Ever Broke Up,Mae Stephens,,1,1
bn_bangla_songs_6675,bn,অন্নপূর্ণার ধন্য কাশী,,ফোক গান,0,0
en_english_songs_679,en,505,Arctic Monkeys,,1,1
bn_bangla_songs_7294,bn,এবার আমার উমা এলে,,ফোক গান,0,0
en_english_songs_178,en,Creepin' (with The Weeknd & 21 Savage),Metro Boomin,,1,1
en_english_songs_177,en,El Azul,Junior H,,1,1
en_english_songs_100,en,Twisted,Keith Sweat,,1,1
en_english_songs_41,en,Dancing Queen,ABBA,,1,1
en_english_songs_358,en,Dancing is Healing,Rudimental,,1,1
bn_bangla_songs_6165,bn,এমনি ক’রেই যায় যদি দিন যাক না,,রবীন্দ্রসঙ্গীত,0,0
en_english_songs_184,en,Boy's a Liar Pt. 2,PinkPantheress,,1,1
bn_bangla_songs_3082,bn,আহ্‌মদের ওই মিমের পর্দা উঠিয়ে দেখ মন,,নজরুলগীতি,0,0
en_english_songs_391,en,Your Heart Or Mine,Jon Pardi,,1,1
bn_bangla_songs_3872,bn,বুকেরও আগুন দিয়ে আমাকে জ্বালিয়ে তুমি,,আধুনিক বাংলা গান,0,0
bn_bangla_songs_6354,bn,তার         বিদায়বেলার মালাখানি,,রবীন্দ্রসঙ্গীত,0,0
en_english_songs_438,en,Old School,The Band That Saved The World,,1,1
bn_bangla_songs_392,bn,আমি তোমার পুতুল বন্ধু,,ফোক গান,0,0
bn_bangla_songs_1330,bn,আমার প্রাণ ত বাঁচে না রে রসময় শ্যাম তুমি বিনে,,ফোক গান,0,0
en_english_songs_12,en,Alive,Pearl Jam,,1,1
en_english_songs_746,en,Say Something,Karen Harding,,1,1
en_english_songs_772,en,Ayo,Chris Brown,,1,1
bn_bangla_songs_6001,bn,আজ    বুকের বসন ছিঁড়ে ফেলে দাঁড়িয়েছে,,রবীন্দ্রসঙ্গীত,0,0
bn_bangla_songs_782,bn,"ও মনমাঝি রে, কিনারা ভিড়াইয়া রে বাইও নাও",,ফোক গান,0,0
bn_bangla_songs_5474,bn,জানলা খোলা দেখে থমকে দাঁড়ালো,,আধুনিক বাংলা গান,0,0
en_english_songs_784,en,Love Yourself,Justin Bieber,,1,1
bn_bangla_songs_3584,bn,ওমা নির্গুণেরে প্রসাদ দিতে,,নজরুলগীতি,0,0
en_english_songs_226,en,Area Codes,Kali,,1,1
bn_bangla_songs_6457,bn,সখী    তোরা দেখে যা এবার এল সময়,,রবীন্দ্রসঙ্গীত,0,0
bn_bangla_songs_4178,bn,দেখিলে কলঙ্কীর মুখ কলঙ্ক হইবে,,ফোক গান,0,0
en_english_songs_357,en,Heart Wants What It Wants,Bebe Rexha,,1,1
en_english_songs_740,en,On My Mind,Ellie Goulding,,1,1
en_english_songs_527,en,Calm Down,Rema,,1,1
bn_bangla_songs_4676,bn,প্রাণ সখিরে ঐ শোন কদম্বতলে বংশী বাজায় কে,,ফোক গান,0,0
en_english_songs_506,en,In Ha Mood,Ice Spice,,1,1
bn_bangla_songs_2498,bn,তোমার আমার কারো মুখে কথা নেই,,আধুনিক বাংলা গান,0,0
bn_bangla_songs_37,bn,খানা খাওয়ার ঘন্টা বাজিলো গো সখি আমার,,ফোক গান,0,0
en_english_songs_658,en,House On Fire,Mimi Webb,,1,1
bn_bangla_songs_6339,bn,এসো এসো ফিরে এসো,,রবীন্দ্রসঙ্গীত,0,0
bn_bangla_songs_1636,bn,কালায় রাধাকে ভাবিয়া মনে বাজায় বাঁশি নিদুবনে,,ফোক গান,0,0
en_english_songs_650,en,Late Night Talking,Harry Styles,,1,1
en_english_songs_721,en,Lay It All on Me (feat. Ed Sheeran),Rudimental,,1,1
bn_bangla_songs_2428,bn,কাঙালের অশ্রুতে যে রক্ত ঝরে,,আধুনিক বাংলা গান,0,0
en_english_songs_654,en,Save Your Tears,The Weeknd,,1,1
bn_bangla_songs_5112,bn,লহো লহো তুলি লও হে ভূমিতল হতে ধূলিম্লান এ পরান,,রবীন্দ্রসঙ্গীত,0,0
en_english_songs_773,en,Not Letting Go (feat. Jess Glynne),Tinie Tempah,,1,1
bn_bangla_songs_3296,bn,আমার ভাঙা নায়ের বইঠা ঠেলে,,নজরুলগীতি,0,0
en_english_songs_754,en,Do It Again,Pia Mia,,1,1
bn_bangla_songs_1639,bn,কে তুমি কদম্বমূলে পরিচয় কেন বল না,,ফোক গান,0,0
bn_bangla_songs_7155,bn,নির্বোধ,,আধুনিক বাংলা গান,0,0
en_english_songs_191,en,I'm Good (Blue),David Guetta,,1,1
bn_bangla_songs_966,bn,প্রাণসখি গো মনে চায় বন্ধুরে দেখিতে,,ফোক গান,0,0
bn_bangla_songs_4686,bn,কলিকালের ভণ্ড বাবা খাজা বাবার নাম ভাঙ্গাইয়া,,আধুনিক বাংলা গান,0,0
en_english_songs_587,en,Relax My Eyes,ANOTR,,1,1
en_english_songs_137,en,Bow Down,Westside Connection,,1,1
bn_bangla_songs_3844,bn,ডাকরে মন কালী বলে,,ফোক গান,0,0
bn_bangla_songs_7363,bn,আমাদের জন্য,,আধুনিক বাংলা গান,0,0
en_english_songs_327,en,Need A Favor,Jelly Roll,,1,1
bn_bangla_songs_1662,bn,জলের ঘাটেতে বসি ঠার দিয়া কুল মজাইছে,,ফোক গান,0,0
bn_bangla_songs_5209,bn,তুমি জাগিছ কে,,রবীন্দ্রসঙ্গীত,0,0
bn_bangla_songs_6253,bn,বনে যদি ফুটল কুসুম,,রবীন্দ্রসঙ্গীত,0,0
bn_bangla_songs_1249,bn,ভোমর কইও গিয়া,,ফোক গান,0,0
en_english_songs_314,en,25 To Life,Eminem,,1,1
bn_bangla_songs_4708,bn,মুরশিদকে মানিলে খোদায় মান্য হয়,,ফোক গান,0,0
bn_bangla_songs_1682,bn,তোর লাগি মোর প্রাণ কান্দে রে বিদেশী বন্ধু,,ফোক গান,0,0
en_english_songs_340,en,Players,Coi Leray,,1,1
en_english_songs_481,en,Chanel,Becky G,,1,1
en_english_songs_302,en,No Love,Eminem,,1,1
en_english_songs_187,en,Die For You,The Weeknd,,1,1
bn_bangla_songs_3684,bn,সুরা তীন,,নজরুলগীতি,0,0
en_english_songs_205,en,I Ain't Worried,OneRepublic,,1,1
en_english_songs_520,en,Private Landing (feat. Justin Bieber & Future),Don Toliver,,1,1
en_english_songs_186,en,Last Night,Morgan Wallen,,1,1
en_english_songs_17,en,Life on Mars? - 2015 Remaster,David Bowie,,1,1
bn_bangla_songs_2015,bn,গুরুপদ পদরাবৃন্দে মনভুজঙ্গ মজনারে,,ফোক গান,0,0
en_english_songs_108,en,Only God Can Judge Me (ft. Rappin' 4-Tay),2Pac,,1,1
bn_bangla_songs_5198,bn,শুভ্র আসনে বিরাজ’ অরুণছটামাঝে,,রবীন্দ্রসঙ্গীত,0,0
bn_bangla_songs_23,bn,পড়ে দুরুদ শুনি আমার নবীর শানে,,ফোক গান,0,0
en_english_songs_652,en,Bam Bam (feat. Ed Sheeran),Camila Cabello,,1,1
en_english_songs_173,en,Classy 101,Feid,,1,1
bn_bangla_songs_4520,bn,দেখ নারে ভাব-নগরে ভাবের কীর্তি,,ফোক গান,0,0
bn_bangla_songs_3205,bn,"যাবি কে মদিনায়, আয় ত্বরা করি",,নজরুলগীতি,0,0
en_english_songs_300,en,Space Bound,Eminem,,1,1
en_english_songs_673,en,Bad Habit,Steve Lacy,,1,1
en_english_songs_367,en,Hell N Back,Bakar,,1,1
en_english_songs_375,en,Haven't You Ever Been In Love Before?,Lewis Capaldi,,1,1
en_english_songs_707,en,My Heart Goes (La Di Da),Becky Hill,,1,1
bn_bangla_songs_1743,bn,চলেছে হরি নামের গাড়ী,,ফোক গান,0,0
en_english_songs_423,en,Eyes On You,Nicky Youre,,1,1
bn_bangla_songs_2810,bn,হেনে গেল তির তিরছ তার চাহনি,,নজরুলগীতি,0,0
bn_bangla_songs_696,bn,মাগো আমি কিসে দোষী,,ফোক গান,0,0
en_english_songs_722,en,"Downtown (feat. Melle Mel, Grandmaster Caz, Kool Moe Dee & Eric Nally)",Macklemore & Ryan Lewis,,1,1
en_english_songs_355,en,Stars Like Confetti,Dustin Lynch,,1,1
en_english_songs_305,en,White America,Eminem,,1,1
bn_bangla_songs_6653,bn,কোন কারনেই ফেরানো গেলোনা তাকে,,আধুনিক বাংলা গান,0,0
bn_bangla_songs_4007,bn,এই সে রস নিগুঢ় ধন্য ব্রজ বিনা ইহা না জানে অন্য,,ফোক গান,0,0
en_english_songs_309,en,Smack That,Akon,,1,1
bn_bangla_songs_3215,bn,ঈদুজ্জোহার তকবীর শোন ঈদগাহে,,নজরুলগীতি,0,0
bn_bangla_songs_6588,bn,হে নিরুপমা গানে যদি লাগে বিহ্বল তান করিয়ো ক্ষমা,,রবীন্দ্রসঙ্গীত,0,0
bn_bangla_songs_1798,bn,আদরে বাজায়গো বাঁশি রসিক বন্ধুয়া,,ফোক গান,0,0
en_english_songs_759,en,"Hey Mama (feat. Nicki Minaj, Bebe Rexha & Afrojack) - Afrojack Remix",David Guetta,,1,1
bn_bangla_songs_4049,bn,ধিক্‌ ধিক্‌ ধিক্‌ নিঠুর কালিয়া তোরে যে এ বুদ্ধি দিল,,ফোক গান,0,0
bn_bangla_songs_1174,bn,ও সজনী কও গো শুনি গুণমণি কৈ,,ফোক গান,0,0
bn_bangla_songs_1104,bn,আমি রাধা ছাড়া কেমনে থাকি একা রে সুবল সখা,,ফোক গান,0,0
en_english_songs_246,en,Watergun,Remo Forrer,,1,1
bn_bangla_songs_3743,bn,মাকে ভাসায়ে ভাটির স্রোতে,,নজরুলগীতি,0,0
en_english_songs_518,en,What It Is (Block Boy) (with Kodak Black),Doechii,,1,1
en_english_songs_200,en,Moonlight,Kali Uchis,,1,1
en_english_songs_344,en,ceilings,Lizzy McAlpine,,1,1
en_english_songs_369,en,Meltdown,Niall Horan,,1,1
en_english_songs_80,en,Always Be My Baby,Mariah Carey,,1,1
bn_bangla_songs_448,bn,তোমারি মহিমা বুঝিতে এ সংসারেতে কে আছে এমনি,,ফোক গান,0,0
bn_bangla_songs_1848,bn,ঐ শুনি গো মোহন বাঁশি বাজায় শ্যামরায়,,ফোক গান,0,0
en_english_songs_263,en,Tak Segampang Itu,Anggi Marito,,1,1
bn_bangla_songs_3895,bn,ভুলে গেছি সব গানের সুর গানের কথা (ভীষণ ব্যাথা),,আধুনিক বাংলা গান,0,0
bn_bangla_songs_3216,bn,পানসে জোছনাতে কে চলো গো পানসি বয়ে,,নজরুলগীতি,0,0
bn_bangla_songs_6732,bn,বাংলাদেশ (জেমস),,আধুনিক বাংলা গান,0,0
en_english_songs_735,en,All of Me,John Legend,,1,1
bn_bangla_songs_1235,bn,শ্যাম বিচ্ছেদে অঙ্গ আমার জ্বলে গো ললিতে,,ফোক গান,0,0
en_english_songs_748,en,Blank Space,Taylor Swift,,1,1
en_english_songs_603,en,Make Me,Borai & Denham Audio,,1,1
bn_bangla_songs_4828,bn,মহুল গাছে ফুল ফুটেছে,,নজরুলগীতি,0,0
en_english_songs_687,en,Doja,Central Cee,,1,1
en_english_songs_330,en,Curtains,Ed Sheeran,,1,1
en_english_songs_732,en,Trouble,Iggy Azalea,,1,1
en_english_songs_589,en,TMO (Turn Me On) [feat. Kevin Lyttle],Luude,,1,1
bn_bangla_songs_7704,bn,ফকিরি করবি ক্ষেপা কোন রাগে,,ফোক গান,0,0
en_english_songs_392,en,Lavender Haze,Taylor Swift,,1,1
bn_bangla_songs_3847,bn,চিকন-কালরূপা সুন্দরী ত্রিপুরারি-হৃদে বিহরে,,ফোক গান,0,0
bn_bangla_songs_2687,bn,যে আল্লাহ কথা শোনে তারি কথা শোনে লোকে,,নজরুলগীতি,0,0
en_english_songs_101,en,Say You'll Be There,Spice Girls,,1,1
bn_bangla_songs_2235,bn,লীলা দেখে লাগে ভয়,,ফোক গান,0,0
en_english_songs_549,en,Can't Tame Her,Zara Larsson,,1,1
en_english_songs_742,en,Stole the Show,Kygo,,1,1
bn_bangla_songs_6107,bn,আমায়   ক্ষমো হে ক্ষমো,,রবীন্দ্রসঙ্গীত,0,0
bn_bangla_songs_2255,bn,আমার মনের মানুষের সনে,,ফোক গান,0,0
en_english_songs_546,en,MATHEMATICAL DISRESPECT,Lil Mabu,,1,1
bn_bangla_songs_4758,bn,কাজ ভোলাবার কে গো তোরা,,রবীন্দ্রসঙ্গীত,0,0
en_english_songs_87,en,"Because You Loved Me (Theme from ""Up Close and Personal"")",Céline Dion,,1,1
bn_bangla_songs_5461,bn,দেখ দেখ রাধারূপ অপার,,ফোক গান,0,0
en_english_songs_329,en,Gold,Dierks Bentley,,1,1
en_english_songs_621,en,Peru,Fireboy DML,,1,1
bn_bangla_songs_597,bn,ঘন অম্বরে মেঘ সমুদ্র দোলে রহি রহি,,আধুনিক বাংলা গান,0,0
en_english_songs_283,en,The Ringer,Eminem,,1,1
en_english_songs_787,en,How Deep Is Your Love,Calvin Harris,,1,1
bn_bangla_songs_6790,bn,আগে কী সুন্দর দিন কাটাইতাম,,ফোক গান,0,0
en_english_songs_463,en,Mr. Invisible,Apollo 13,,1,1
en_english_songs_127,en,Fire Water Burn,Bloodhound Gang,,1,1
en_english_songs_92,en,One Headlight,The Wallflowers,,1,1
bn_bangla_songs_3529,bn,চাঁদে চাঁদে চন্দ্রগ্রহণ হয়,,ফোক গান,0,0
bn_bangla_songs_5289,bn,আমি সংসারে মন দিয়েছিনু,,রবীন্দ্রসঙ্গীত,0,0
bn_bangla_songs_5529,bn,ভেঙে মোর  ঘরের চাবি   নিয়ে যাবি    কে আমারে,,রবীন্দ্রসঙ্গীত,0,0
en_english_songs_313,en,Drop The World,Lil Wayne,,1,1
en_english_songs_756,en,Like I Can - Radio Mix,Sam Smith,,1,1
en_english_songs_395,en,Giving Up On That,Dalton Dover,,1,1
en_english_songs_490,en,Ain’t That Some,Morgan Wallen,,1,1
en_english_songs_353,en,Whistle (feat. Calum Scott),Jax Jones,,1,1
bn_bangla_songs_4361,bn,বন্ধু বিফলে গেল নব যৌবন,,ফোক গান,0,0
bn_bangla_songs_4771,bn,একদা প্রাতে কুঞ্জতলে অন্ধ বালিকা,,রবীন্দ্রসঙ্গীত,0,0
en_english_songs_683,en,Happier Than Ever,Billie Eilish,,1,1
en_english_songs_608,en,B.O.T.A. (Baddest Of Them All) - Edit,Eliza Rose,,1,1
en_english_songs_20,en,Tears in Heaven,Eric Clapton,,1,1
bn_bangla_songs_5441,bn,এই   মলিন বস্ত্র ছাড়তে হবে,,রবীন্দ্রসঙ্গীত,0,0
en_english_songs_623,en,Shivers,Ed Sheeran,,1,1
en_english_songs_210,en,El Gordo Trae El Mando,Chino Pacas,,1,1
en_english_songs_318,en,Berzerk,Eminem,,1,1
en_english_songs_365,en,5 Leaf Clover,Luke Combs,,1,1
en_english_songs_690,en,No Excuses,Bru-C,,1,1
bn_bangla_songs_655,bn,"গুইল মারা যায় গাতে মানুষ, গুইল মারা যায় গাতে",,ফোক গান,0,0
en_english_songs_751,en,Peanut Butter Jelly,Galantis,,1,1
en_english_songs_288,en,When I'm Gone,Eminem,,1,1
en_english_songs_590,en,Satellite,Harry Styles,,1,1
bn_bangla_songs_2748,bn,কোন ঘাটে পার হবে রুহু,,ফোক গান,0,0
bn_bangla_songs_5374,bn,"আনন্দ তুমি স্বামী, মঙ্গল তুমি",,রবীন্দ্রসঙ্গীত,0,0
bn_bangla_songs_6511,bn,আর নহে আর নহে বসন্তবাতাস কেন আর শুষ্ক ফুলে বহে,,রবীন্দ্রসঙ্গীত,0,0
bn_bangla_songs_5899,bn,তোমাদের সুখের এই নীড়ে,,আধুনিক বাংলা গান,0,0
en_english_songs_449,en,Something in the Orange,Zach Bryan,,1,1
en_english_songs_317,en,Forever,Drake,,1,1
bn_bangla_songs_6192,bn,মাটির   বুকের মাঝে বন্দী যে জল,,রবীন্দ্রসঙ্গীত,0,0
bn_bangla_songs_3545,bn,নন্দলোক হতে আমি এনেছি রে মহামায়ায়,,নজরুলগীতি,0,0
en_english_songs_739,en,Five More Hours,Deorro,,1,1
en_english_songs_675,en,Enemy (with JID) - from the series Arcane League of Legends,Imagine Dragons,,1,1
bn_bangla_songs_2175,bn,"যাও হে রাই-কুঞ্জে, আর এসো না",,ফোক গান,0,0
bn_bangla_songs_4309,bn,তড়িত বরণী হরিণ নয়নী দেখিনু আঙ্গিরা মাঝে,,ফোক গান,0,0
bn_bangla_songs_1601,bn,বাঁশি বিনয় করি তোরে,,ফোক গান,0,0
bn_bangla_songs_1864,bn,শ্যাম বন্ধুয়াও দেখা দেও অধম জানিয়া,,ফোক গান,0,0
bn_bangla_songs_4230,bn,কানুর পিরীতি মরমে বেয়াধি হইল এতেক দিনে,,ফোক গান,0,0
en_english_songs_328,en,Miracle (with Ellie Goulding),Calvin Harris,,1,1
bn_bangla_songs_7237,bn,দিন এসেছে এইবার,,দেশাত্মবোধক গান,0,0
en_english_songs_25,en,Ring of Fire,Johnny Cash,,1,1
en_english_songs_250,en,アイドル,YOASOBI,,1,1
en_english_songs_552,en,Tony Soprano 2,Nines,,1,1
bn_bangla_songs_389,bn,আল্লাহ পাক পরওয়ারদিগার,,ফোক গান,0,0
bn_bangla_songs_4189,bn,বন্ধু কহিলে বাসিবে মনে দুখ,,ফোক গান,0,0
bn_bangla_songs_3041,bn,জানি জানি প্রিয় এ জীবনে মিটিবে না সাধ,,নজরুলগীতি,0,0
bn_bangla_songs_5865,bn,ওগো সাঁওতালি ছেলে,,রবীন্দ্রসঙ্গীত,0,0
bn_bangla_songs_6559,bn,ওগো শান্ত পাষাণমুরতি সুন্দরী,,রবীন্দ্রসঙ্গীত,0,0
en_english_songs_83,en,Freed From Desire,Gala,,1,1
bn_bangla_songs_4458,bn,আমি এক যাযাবর পৃথিবী আমারে আপন করেছে ভুলেছি নিজের ঘর,,আধুনিক বাংলা গান,0,0
bn_bangla_songs_102,bn,মোর ভবের কাম কী  না হইলো রে জানা,,ফোক গান,0,0
bn_bangla_songs_3085,bn,কোকিল সাধিলি কি বাদ,,নজরুলগীতি,0,0
bn_bangla_songs_2777,bn,মানুষ গুরু মানুষই শিষ্য দৃশ্য হয় সুখেতে,,ফোক গান,0,0
bn_bangla_songs_4683,bn,জলের ঘাটে দেইখা আইলাম,,ফোক গান,0,0
bn_bangla_songs_7081,bn,দুই ভুবনের দুই বাসিন্দা,,আধুনিক বাংলা গান,0,0
bn_bangla_songs_3882,bn,মানবতা হায় প্রেমের ও বাণী,,আধুনিক বাংলা গান,0,0
en_english_songs_152,en,Sittin' Up In My Room - from Waiting to Exhale - Original Soundtrack,Brandy,,1,1
en_english_songs_116,en,"No Woman, No Cry",Fugees,,1,1
en_english_songs_714,en,Cheerleader (Felix Jaehn Remix) - Radio Edit,OMI,,1,1
en_english_songs_133,en,When You're Gone,The Cranberries,,1,1
bn_bangla_songs_6692,bn,ওই রাত ঘুমালো ওই চাঁদ ঘুমালো,,আধুনিক বাংলা গান,0,0
en_english_songs_66,en,I Will Always Love You,Whitney Houston,,1,1
bn_bangla_songs_7217,bn,জনতার ডাক শুনি পৃথিবীতে জনতার ডাক,,দেশাত্মবোধক গান,0,0
en_english_songs_60,en,Just Like a Woman,Bob Dylan,,1,1
en_english_songs_333,en,REACT,Switch Disco,,1,1
en_english_songs_165,en,un x100to,Grupo Frontera,,1,1
bn_bangla_songs_4856,bn,তোমায় হৃদ মাঝারে রাখিবো ছেড়ে দেবো না,,ফোক গান,0,0
bn_bangla_songs_404,bn,সুখ খুঁজে মোর কাল যে গেল,,ফোক গান,0,0
bn_bangla_songs_6857,bn,আজ মন চেয়েছে আমি হারিয়ে যাব,,আধুনিক বাংলা গান,0,0
en_english_songs_611,en,Different League (feat. Nafe Smallz and Clavish),Nines,,1,1
bn_bangla_songs_1009,bn,আসি বলে গেল বন্ধু আইল না,,ফোক গান,0,0
en_english_songs_741,en,All About That Bass,Meghan Trainor,,1,1
bn_bangla_songs_545,bn,কোনো কথা আর শুধাবো না আজি বিদায় গোধূলি বেলা,,আধুনিক বাংলা গান,0,0
bn_bangla_songs_1497,bn,"শ্যাম রূপ হেরিয়া গো, ওগো প্ৰাণে না মানিয়া ঝুরিয়া",,ফোক গান,0,0
bn_bangla_songs_1598,bn,"বাঁকা রূপে নয়নে হেরিয়াছে, মন রইল বিদেশীর মনে",,ফোক গান,0,0
en_english_songs_175,en,PRC,Peso Pluma,,1,1
en_english_songs_560,en,Creep,Radiohead,,1,1
en_english_songs_215,en,Obsessed,Riar Saab,,1,1
bn_bangla_songs_3234,bn,"জাগো হে রুদ্র, জাগো রুদ্রাণী",,নজরুলগীতি,0,0
bn_bangla_songs_3647,bn,আমায় আর কতদিন মহামায়া,,নজরুলগীতি,0,0
en_english_songs_296,en,Shake That,Eminem,,1,1
en_english_songs_115,en,If It Makes You Happy,Sheryl Crow,,1,1
en_english_songs_469,en,Wild as Her,Corey Kent,,1,1
en_english_songs_162,en,Give Me A Little More Time,GABRIELLE,,1,1
bn_bangla_songs_5494,bn,নীরবে আছ কেন বাহিরদুয়ারে,,রবীন্দ্রসঙ্গীত,0,0
en_english_songs_223,en,Jericho,Iniko,,1,1
en_english_songs_128,en,We Gonna Take U Back (Lude) / Don't Leave Me,Blackstreet,,1,1
bn_bangla_songs_1635,bn,কুঞ্জের মাঝে কে গো রাধে কে গো রাধে,,ফোক গান,0,0
en_english_songs_31,en,Unchained Melody,The Righteous Brothers,,1,1
en_english_songs_671,en,Levitating,Dua Lipa,,1,1
en_english_songs_285,en,Homicide (feat. Eminem),Logic,,1,1
bn_bangla_songs_6728,bn,কেন এই নিঃসঙ্গতা,,আধুনিক বাংলা গান,0,0
en_english_songs_44,en,Wonderful Tonight,Eric Clapton,,1,1
en_english_songs_308,en,That's All She Wrote,T.I.,,1,1
en_english_songs_663,en,she's all i wanna be,Tate McRae,,1,1
en_english_songs_121,en,You're Makin' Me High,Toni Braxton,,1,1
en_english_songs_785,en,Firestone,Kygo,,1,1
bn_bangla_songs_7042,bn,তুমি এলে হৃদয় আমার,,আধুনিক বাংলা গান,0,0
bn_bangla_songs_2916,bn,আজি  দোল-ফাগুনের দোল লেগেছে,,নজরুলগীতি,0,0
en_english_songs_33,en,"Oh, Pretty Woman",Roy Orbison,,1,1
en_english_songs_161,en,The Only Thing That Looks Good On Me Is You,Bryan Adams,,1,1
en_english_songs_339,en,Eyes Closed,Ed Sheeran,,1,1
bn_bangla_songs_624,bn,"মা-গো মা, ঝি-গো ঝি করলাম কী রঙ্গে",,ফোক গান,0,0
en_english_songs_752,en,Show Me Love,Sam Feldt,,1,1
en_english_songs_566,en,Healing,Tion Wayne,,1,1
en_english_songs_89,en,They Don't Care About Us,Michael Jackson,,1,1
en_english_songs_71,en,Suspicious Minds,Elvis Presley,,1,1
en_english_songs_58,en,Oye Como Va,Santana,,1,1
en_english_songs_63,en,Born To Be Wild,Steppenwolf,,1,1
en_english_songs_574,en,Flip A Switch.,RAYE,,1,1
bn_bangla_songs_1999,bn,চুপ করে আছিস মন কিবা শক্তিবলে,,ফোক গান,0,0
en_english_songs_379,en,Waffle House,Jonas Brothers,,1,1
en_english_songs_588,en,hotline (edit),Billie Eilish,,1,1
bn_bangla_songs_7278,bn,সমর আলো করে কার কামিনী,,ফোক গান,0,0
bn_bangla_songs_6733,bn,কেমন আছি আমি জানতে চেও না,,আধুনিক বাংলা গান,0,0
bn_bangla_songs_80,bn,মনুষ্যত্ব যার মাঝেতে  রয় রে আত্মধ্যানে,,ফোক গান,0,0
en_english_songs_202,en,Another Love,Tom Odell,,1,1
en_english_songs_7,en,All Along the Watchtower,Jimi Hendrix,,1,1
bn_bangla_songs_3332,bn,মাধবীলতার আজি মিলন সখী,,নজরুলগীতি,0,0
bn_bangla_songs_94,bn,কে তোরা যাবি পারে লয়ে যা মোরে গুণধনি,,ফোক গান,0,0
bn_bangla_songs_2457,bn,আলোতে ছায়াতে দিনগুলি ভরে রয়,,আধুনিক বাংলা গান,0,0
en_english_songs_341,en,Never Be Mine,Rosa Linn,,1,1
en_english_songs_251,en,Nanti Kita Seperti Ini,Batas Senja,,1,1
bn_bangla_songs_3761,bn,পিউ পিউ বিরহী পাপিয়া বোলে,,নজরুলগীতি,0,0
en_english_songs_686,en,Watermelon Sugar,Harry Styles,,1,1
en_english_songs_198,en,"Shakira: Bzrp Music Sessions, Vol. 53",Bizarrap,,1,1
en_english_songs_766,en,Never Forget You,MNEK,,1,1
bn_bangla_songs_861,bn,সুসময়ে ছাড়ো নৌকা বেলা বয়ে যায়,,ফোক গান,0,0
bn_bangla_songs_5484,bn,অন্ধজনে দেহো আলো,,রবীন্দ্রসঙ্গীত,0,0
bn_bangla_songs_4528,bn,লাল পাহাড়ির দেশে যা রাঙা মাটির দেশে যা,,ফোক গান,0,0
bn_bangla_songs_1056,bn,এই যে দেহতরী কে করিল সুগঠন,,ফোক গান,0,0
bn_bangla_songs_709,bn,দিরাই থানায় বসত করি হাওর এলাকায়,,ফোক গান,0,0
en_english_songs_796,en,Lean On (feat. MØ & DJ Snake),Major Lazer,,1,1
bn_bangla_songs_2557,bn,জাদুভরা ঐ বাঁশী বাজালে কেন,,আধুনিক বাংলা গান,0,0
en_english_songs_67,en,Highway to Hell,AC/DC,,1,1
bn_bangla_songs_755,bn,"বন্ধুয়া রে, কুলমান সঁপিলাম তোমারে",,ফোক গান,0,0
bn_bangla_songs_6012,bn,কে যেতেছিস আয় রে হেথা,,রবীন্দ্রসঙ্গীত,0,0
en_english_songs_347,en,Somethin' Bout You,Mickey Guyton,,1,1
en_english_songs_104,en,If You Could Only See,Tonic,,1,1
en_english_songs_18,en,You Can't Always Get What You Want - Single Version,The Rolling Stones,,1,1
en_english_songs_622,en,go,Cat Burns,,1,1
en_english_songs_96,en,Tha Crossroads,Bone Thugs-N-Harmony,,1,1
bn_bangla_songs_2917,bn,আনমনে জল নিতে ভাসিল গাগরি,,নজরুলগীতি,0,0
en_english_songs_637,en,About Damn Time,Lizzo,,1,1
bn_bangla_songs_458,bn,জীবনের সম্বল করে টলমল কোনদিন নাকি যায় উড়িয়া,,ফোক গান,0,0
bn_bangla_songs_2239,bn,রূপের ঘরে অটল রূপ বিহারে,,ফোক গান,0,0
bn_bangla_songs_6991,bn,আমার দুই নয়নে বহে ধারা গো,,ফোক গান,0,0
en_english_songs_655,en,BREAK MY SOUL,Beyoncé,,1,1
en_english_songs_618,en,Give It To Me - Full Vocal Mix,Matt Sassari,,1,1
en_english_songs_390,en,I Like You (A Happier Song) (with Doja Cat),Post Malone,,1,1
bn_bangla_songs_5637,bn,এবার   অবগুণ্ঠন খোলো,,রবীন্দ্রসঙ্গীত,0,0
en_english_songs_378,en,Strange,Miranda Lambert,,1,1
bn_bangla_songs_4272,bn,কি আর বলিব মায় কিছু দয়া নাই তাহার হৃদয়ে একথা বলিব কায়,,ফোক গান,0,0
en_english_songs_295,en,Like Toy Soldiers,Eminem,,1,1
bn_bangla_songs_1445,bn,কৃষ্ণ ভজ না কেন মন সুদিন যায় রে,,ফোক গান,0,0
bn_bangla_songs_81,bn,দিব্যজ্ঞান থাকিলেই জ্ঞানী হবি না,,ফোক গান,0,0
en_english_songs_475,en,Escapism.,RAYE,,1,1
en_english_songs_664,en,WAIT FOR U (feat. Drake & Tems),Future,,1,1
en_english_songs_233,en,Because Of You,Gustaph,,1,1
bn_bangla_songs_6369,bn,দূরের বন্ধু সুরের দূতীরে পাঠালো,,রবীন্দ্রসঙ্গীত,0,0
bn_bangla_songs_3136,bn,দৃষ্টিতে আর হয় না সৃষ্টি আগের মতো গোলাপ ফুল,,নজরুলগীতি,0,0
bn_bangla_songs_2928,bn,তেমনই চাহিয়া আছে নিশীথের তারাগুলি,,নজরুলগীতি,0,0
bn_bangla_songs_3232,bn,প্রাথমিক শিক্ষা বিল,,নজরুলগীতি,0,0
en_english_songs_508,en,Forever (feat. Fridayy),Lil Baby,,1,1
en_english_songs_169,en,Daylight,David Kushner,,1,1
bn_bangla_songs_1504,bn,"শ্যামরূপ হেইরে আইলাম গো, ওগো প্ৰাণে মরিগো ঝুরিয়া",,ফোক গান,0,0
en_english_songs_548,en,Life Goes On,Ed Sheeran,,1,1
bn_bangla_songs_2654,bn,ফুটলো সন্ধ্যামণির ফুল আমার মনের আঙিনায়,,নজরুলগীতি,0,0
bn_bangla_songs_4190,bn,সকলি আমার দোষ হে বন্ধু সকলি আমার দোষ,,ফোক গান,0,0
en_english_songs_260,en,What It Is (Solo Version),Doechii,,1,1
bn_bangla_songs_2221,bn,যারে ধ্যানে পায় না মহামুনি,,ফোক গান,0,0
bn_bangla_songs_221,bn,করিলো রে করিলো চুল আউলা,,ফোক গান,0,0
bn_bangla_songs_7456,bn,খেলিছে জলদেবী সুনীল সাগর জলে,,নজরুলগীতি,0,0
en_english_songs_208,en,People,Libianca,,1,1
bn_bangla_songs_2530,bn,আমার সূর্যমুখী তোমার মুখের পানে,,আধুনিক বাংলা গান,0,0
en_english_songs_644,en,Last Last,Burna Boy,,1,1
bn_bangla_songs_6803,bn,তুমি কার লাগিয়া গাঁথোরে সখি বকুল ফুলের মালা,,ফোক গান,0,0
en_english_songs_194,en,Here With Me,d4vd,,1,1
bn_bangla_songs_3750,bn,আধো-আধো বোল,,নজরুলগীতি,0,0
en_english_songs_241,en,Break a Broken Heart,Andrew Lambrou,,1,1
bn_bangla_songs_4055,bn,কালি বলি কালা গেল মধুপুরে সে কালের কত বাকি,,ফোক গান,0,0
bn_bangla_songs_238,bn,আমায় একলা ঘরে রাইখা গো বন্ধু দূরে থাকে কেমনে,,ফোক গান,0,0
en_english_songs_125,en,Jesus to a Child,George Michael,,1,1
en_english_songs_410,en,Disco Voyager,Oliver Heldens,,1,1
en_english_songs_419,en,saddest soundtrack,iann dior,,1,1
bn_bangla_songs_3466,bn,তোমায় কূলে তুলে বন্ধু আমি নামলাম জলে,,নজরুলগীতি,0,0
en_english_songs_727,en,Lay Me Down - Single Version,Sam Smith,,1,1
en_english_songs_119,en,One Of Us - Short Version,Joan Osborne,,1,1
bn_bangla_songs_761,bn,আইলায় না আইলায় না রে বন্ধু করলায় রে দেওয়ানা,,ফোক গান,0,0
en_english_songs_170,en,Kill Bill,SZA,,1,1
en_english_songs_199,en,Por las Noches,Peso Pluma,,1,1
en_english_songs_46,en,California Dreamin',The Mamas & The Papas,,1,1
en_english_songs_370,en,Rush,Ayra Starr,,1,1
en_english_songs_268,en,Lucky You (feat. Joyner Lucas),Eminem,,1,1
en_english_songs_73,en,La Vie en rose,Édith Piaf,,1,1
en_english_songs_713,en,Uptown Funk (feat. Bruno Mars),Mark Ronson,,1,1
en_english_songs_596,en,White Ash,Potter Payper,,1,1
en_english_songs_167,en,Cupid - Twin Ver.,FIFTY FIFTY,,1,1
en_english_songs_256,en,La Fiesta,Pedro Capó,,1,1
bn_bangla_songs_1496,bn,শুন শুন ওরে বাঁশি অবলার কুলবাঁশি,,ফোক গান,0,0
en_english_songs_647,en,Mr. Brightside,The Killers,,1,1
bn_bangla_songs_7713,bn,"গুরু গো সাঁই, হক নাম বল রসনা",,ফোক গান,0,0
bn_bangla_songs_836,bn,মুর্শিদ আমারে কর পার তুমি বৈ আর কারে ডাকি,,ফোক গান,0,0
en_english_songs_148,en,Hush,Kula Shaker,,1,1
bn_bangla_songs_3768,bn,নূরজাহান! নূরজাহান!,,নজরুলগীতি,0,0
en_english_songs_753,en,Ain't Nobody (Loves Me Better),Felix Jaehn,,1,1
en_english_songs_458,en,Gold Leaf,Apollo 13,,1,1
bn_bangla_songs_3013,bn,আমি ময়নামতীর শাড়ি দেব চলো আমার বাড়ি,,নজরুলগীতি,0,0
bn_bangla_songs_1094,bn,কী হেরিলাম প্ৰাণসখী শ্যামরুদপে ধিকিধিকি,,ফোক গান,0,0
en_english_songs_736,en,Real Love,Clean Bandit,,1,1
bn_bangla_songs_1708,bn,পিরিতে মোর প্রাণ নিল গো ধনি না–জানি ডুব দিলাম গো,,ফোক গান,0,0
en_english_songs_443,en,The Tide Is Rising,The Band That Saved The World,,1,1
en_english_songs_315,en,Role Model,Eminem,,1,1
en_english_songs_394,en,All Of The Girls You Loved Before,Taylor Swift,,1,1
en_english_songs_681,en,SPACE MAN,Sam Ryder,,1,1
bn_bangla_songs_4388,bn,বেতাল বেচাল এ দিনকাল,,আধুনিক বাংলা গান,0,0
bn_bangla_songs_1256,bn,"শ্যামকালিয়া আইনে দেখা, বন্ধু বিনে প্ৰাণ যায় না রাখা",,ফোক গান,0,0
en_english_songs_460,en,Snooze,SZA,,1,1
en_english_songs_284,en,Venom - Music From The Motion Picture,Eminem,,1,1
bn_bangla_songs_3313,bn,যেন ফিরে না যায় এসে আজ,,নজরুলগীতি,0,0
en_english_songs_334,en,HAPPY,NF,,1,1
en_english_songs_123,en,Look On Down From The Bridge,Mazzy Star,,1,1
en_english_songs_646,en,First Class,Jack Harlow,,1,1
en_english_songs_416,en,Dance All Over Me,George Ezra,,1,1
bn_bangla_songs_1583,bn,বুকে রইল গো পিরিতের শেল কেউ দেখে না,,ফোক গান,0,0
en_english_songs_74,en,Can't Help Falling in Love,Elvis Presley,,1,1
en_english_songs_84,en,Lovefool,The Cardigans,,1,1
en_english_songs_216,en,Little Girl Gone,CHINCHILLA,,1,1
bn_bangla_songs_1041,bn,এ জগতে ডাকে তোমায়,,ফোক গান,0,0
en_english_songs_512,en,SHAKE SUMN,DaBaby,,1,1
bn_bangla_songs_4312,bn,না যাইও যমুনার জলে তরুয়া কদম্বমূলে চিকণকালা করিয়াছে থানা,,ফোক গান,0,0
bn_bangla_songs_4446,bn,ও ননদী বল দেখি তুই,,আধুনিক বাংলা গান,0,0
en_english_songs_56,en,House of the Rising Sun,The Animals,,1,1
en_english_songs_762,en,Locked Away (feat. Adam Levine),R. City,,1,1
en_english_songs_190,en,All My Life (feat. J. Cole),Lil Durk,,1,1
en_english_songs_39,en,Don't Stop Believin',Journey,,1,1
bn_bangla_songs_4109,bn,কোন বিধি সিরজিল কুলবতী নারী,,ফোক গান,0,0
bn_bangla_songs_3003,bn,ফুলের জলসায় নীরব কেন কবি,,নজরুলগীতি,0,0
en_english_songs_141,en,Why I Love You So Much,Monica,,1,1
bn_bangla_songs_2739,bn,আকাশ আমার ঘরের ছাউনি পৃথিবী আমার ঘর,,ফোক গান,0,0
en_english_songs_734,en,679 (feat. Monty),Fetty Wap,,1,1
bn_bangla_songs_4122,bn,সেই হইতে মোর মন নাহি হয় সম্বরণ নিরন্তর ঝুরে দুটি আঁখি,,ফোক গান,0,0
bn_bangla_songs_17,bn,নবী কমলিওয়ালা দুজাহানের বাদশা,,ফোক গান,0,0
bn_bangla_songs_440,bn,এই যে দেহভাণ্ড হবে লণ্ডভণ্ড আসিলে প্রবল তুফান,,ফোক গান,0,0
bn_bangla_songs_4670,bn,স্বার্থপর (চলে যদি যাবি দূরে স্বার্থপর),,আধুনিক বাংলা গান,0,0
bn_bangla_songs_331,bn,মওলা যে বাউলা করিলো বাউলা উজল রুপ দেখাইয়া,,ফোক গান,0,0
bn_bangla_songs_6789,bn,সোনাই হায় হায়রে (কেহ লইলো আতর লোবান),,আধুনিক বাংলা গান,0,0
en_english_songs_648,en,STAY (with Justin Bieber),The Kid LAROI,,1,1
en_english_songs_757,en,Waiting For Love,Avicii,,1,1
bn_bangla_songs_203,bn,শাস্ত্রগ্রন্থে প্রমাণ আছে প্রেম আসে স্বর্গ হতে,,ফোক গান,0,0
bn_bangla_songs_3468,bn,মাধবী-তলে চলো      মাধবিকা দল,,নজরুলগীতি,0,0
bn_bangla_songs_3371,bn,আঁখি ঘুম-ঘুম নিশীথ নিঝুম ঘুমে ঝিমায়,,নজরুলগীতি,0,0
en_english_songs_55,en,Morning Has Broken,Yusuf / Cat Stevens,,1,1
bn_bangla_songs_3660,bn,আমি যারে বাসি ভালো সে কি রে তা জানে,,ফোক গান,0,0
bn_bangla_songs_97,bn,মওলা সাধ কী পুরাইবো না আর কী আসিবো না,,ফোক গান,0,0
bn_bangla_songs_6856,bn,যদি কাগজে লেখ নাম,,আধুনিক বাংলা গান,0,0
en_english_songs_712,en,INDUSTRY BABY (feat. Jack Harlow),Lil Nas X,,1,1
bn_bangla_songs_3177,bn,অরুণকান্তি কে গো যোগী ভিখারি,,নজরুলগীতি,0,0
en_english_songs_765,en,Drag Me Down,One Direction,,1,1
en_english_songs_278,en,From The D 2 The LBC (with Snoop Dogg),Eminem,,1,1
en_english_songs_381,en,How Does It Feel,Tom Grennan,,1,1
bn_bangla_songs_3400,bn,ব্রজের দুলাল ব্রজে আবার আসবে ফিরে কবে,,নজরুলগীতি,0,0
en_english_songs_604,en,Back 2 Back (feat. Potter Payper),Tunde,,1,1
bn_bangla_songs_7267,bn,কালো জলে কুচলা তলে ডুবল সনাতন,,আধুনিক বাংলা গান,0,0
en_english_songs_150,en,Firestarter,The Prodigy,,1,1
bn_bangla_songs_6023,bn,সখা হে কী দিয়ে আমি তুষিব তোমায়,,রবীন্দ্রসঙ্গীত,0,0
en_english_songs_667,en,Remember,Becky Hill,,1,1
bn_bangla_songs_479,bn,"শুন ওরে দোকানদার, বেচাকিনায় খবরদার",,ফোক গান,0,0
en_english_songs_320,en,Renegade,JAY-Z,,1,1
bn_bangla_songs_3204,bn,আমি সুন্দর নহি জানি হে বন্ধু জানি,,নজরুলগীতি,0,0
bn_bangla_songs_3228,bn,আমি দেখেছি তোর শ্যামে (প্রতিদ্বন্দ্বী),,নজরুলগীতি,0,0
en_english_songs_489,en,Human,Cody Johnson,,1,1
bn_bangla_songs_3692,bn,সুরা দ্বোহা,,নজরুলগীতি,0,0
en_english_songs_6,en,Stairway to Heaven - Remaster,Led Zeppelin,,1,1
en_english_songs_38,en,If You Leave Me Now,Chicago,,1,1
bn_bangla_songs_5061,bn,মোর গাঁয়ের সীমানার পাহাড়ের ওপারে,,আধুনিক বাংলা গান,0,0
en_english_songs_503,en,Everything I Love,Morgan Wallen,,1,1
en_english_songs_777,en,Elastic Heart,Sia,,1,1
en_english_songs_324,en,Wreckage,Nate Smith,,1,1
bn_bangla_songs_588,bn,মাটির প্রদীপ রয় যে চেয়ে নীল গগনে,,আধুনিক বাংলা গান,0,0
bn_bangla_songs_2984,bn,"ওগো প্রিয়, তব গান",,নজরুলগীতি,0,0
en_english_songs_688,en,Iris,The Goo Goo Dolls,,1,1
bn_bangla_songs_6291,bn,ও চাঁদ     চোখের জলের লাগল জোয়ার দুখের পারাবারে,,রবীন্দ্রসঙ্গীত,0,0
en_english_songs_396,en,UNHEALTHY (feat. Shania Twain),Anne-Marie,,1,1
bn_bangla_songs_522,bn,যে ভালোবাসায় ভোলায় মোরে মিছে আশায় ভোলায় না,,আধুনিক বাংলা গান,0,0
en_english_songs_730,en,Rather Be (feat. Jess Glynne),Clean Bandit,,1,1
bn_bangla_songs_3871,bn,ভাঙ্গা আমার মনটারে (আমার ইচ্ছে),,আধুনিক বাংলা গান,0,0
en_english_songs_138,en,Follow You Down - Edit,Gin Blossoms,,1,1
bn_bangla_songs_5336,bn,"পান্থ, এখনো কেন অলসিত অঙ্গ",,রবীন্দ্রসঙ্গীত,0,0
bn_bangla_songs_5344,bn,ভোরের বেলা কখন এসে   পরশ করে গেছে হেসে,,রবীন্দ্রসঙ্গীত,0,0
bn_bangla_songs_546,bn,কত যে ব্যথা ভুলালে জীবনে প্রিয়া,,আধুনিক বাংলা গান,0,0
bn_bangla_songs_4337,bn,আজু কেগো মুরলী বাজায় এত কভু নহে শ্যাম রায়,,ফোক গান,0,0
bn_bangla_songs_1996,bn,কৃষ্ণ নামে আমার মন কেন মজেনা,,ফোক গান,0,0
bn_bangla_songs_1902,bn,"আমার মন হইয়াছে লাচাড়ি, পড়িয়াছি ঘোর বিপদে",,ফোক গান,0,0
en_english_songs_319,en,Patiently Waiting,50 Cent,,1,1
bn_bangla_songs_6897,bn,কাঁকন বিনা সুন্দরীর হাত,,আধুনিক বাংলা গান,0,0
en_english_songs_346,en,I Wrote A Song,Mae Muller,,1,1
en_english_songs_249,en,Évidemment,La Zarra,,1,1
en_english_songs_171,en,As It Was,Harry Styles,,1,1
bn_bangla_songs_529,bn,মোর জীবনের দু’টি রাতি,,আধুনিক বাংলা গান,0,0
en_english_songs_684,en,Riptide,Vance Joy,,1,1
en_english_songs_196,en,golden hour,JVKE,,1,1
en_english_songs_294,en,Superman,Eminem,,1,1
bn_bangla_songs_1859,bn,শুধু ভক্তি করলে কি হবে রে সরল ভাব নাই তোর মনে,,ফোক গান,0,0
en_english_songs_225,en,Who the Hell Is Edgar?,TEYA,,1,1
en_english_songs_376,en,Bops,Coi Leray,,1,1
bn_bangla_songs_1520,bn,সখী ললিতা বিশখা শ্ৰীকৃষ্ণ বিহনে প্ৰাণ দায় হইল রাখা,,ফোক গান,0,0
en_english_songs_32,en,Your Song,Elton John,,1,1
bn_bangla_songs_7616,bn,মনের হল মতি মন্দ,,ফোক গান,0,0
en_english_songs_70,en,Knockin' On Heaven's Door,Bob Dylan,,1,1
en_english_songs_704,en,Flowers (Say My Name),ArrDee,,1,1
bn_bangla_songs_556,bn,তুমি যে আমার এই ভূবনে তাই এত আলো এতো গান,,আধুনিক বাংলা গান,0,0
bn_bangla_songs_3767,bn,তুই  কালি মেখে জ্যোতি ঢেকে,,নজরুলগীতি,0,0
bn_bangla_songs_271,bn,আল্লাহ রুপে হিয়ে মজে যদি দেখতে পায়,,ফোক গান,0,0
en_english_songs_363,en,Favorite Song,Toosii,,1,1
bn_bangla_songs_573,bn,সোনা ঝরায় আকাশ সোনা ফলায় মাটি,,আধুনিক বাংলা গান,0,0
en_english_songs_42,en,Jump - 2015 Remaster,Van Halen,,1,1
bn_bangla_songs_7715,bn,খুল নে কেনে সে ধন,,ফোক গান,0,0
en_english_songs_189,en,I Wanna Be Yours,Arctic Monkeys,,1,1
bn_bangla_songs_956,bn,শোনো গো সজনী ভাবি দিন-রজনী,,ফোক গান,0,0
en_english_songs_349,en,Karma,Taylor Swift,,1,1
bn_bangla_songs_7069,bn,বনমালী গো তুমি পরজনমে হইও রাধা,,ফোক গান,0,0
en_english_songs_444,en,You Proof,Morgan Wallen,,1,1
en_english_songs_335,en,Out Of That Truck,Carrie Underwood,,1,1
bn_bangla_songs_4711,bn,যারে ঘর দিলা সংসার দিলা রে,,আধুনিক বাংলা গান,0,0
bn_bangla_songs_4302,bn,সজনি ও ধনী কে কহ বটে গোরোচনা গৌরী নবীন কিশোরী নাহিতে দেখিনু ঘাটে,,ফোক গান,0,0
bn_bangla_songs_6217,bn,আকাশে তোর তেমনি আছে ছুটি,,রবীন্দ্রসঙ্গীত,0,0
bn_bangla_songs_4256,bn,কানুর পিরীতি কুহকের রীতি সকলি মিছাই রঙ্গ,,ফোক গান,0,0
en_english_songs_158,en,Spaceman,Babylon Zoo,,1,1
en_english_songs_705,en,Super Freaky Girl,Nicki Minaj,,1,1
en_english_songs_227,en,NARCISSISTIC PERSONALITY DISORDER,Odetari,,1,1
en_english_songs_382,en,Dance Around It,Joel Corry,,1,1
en_english_songs_500,en,I Wrote The Book,Morgan Wallen,,1,1
